cell_id,transect_id,natpark_in_out,survey_id,country_id,zebra_count,zebra_observations,livestock_count,livestock_observations,buffalo_count,buffalo_observations,agriculture_count,agriculture_observations,humanresources_count,humanresources_observations
35339,5852,0,833,17,0,0,0,0,0,0,0,0,0,0
35340,5852,0,833,17,0,0,0,0,0,0,0,0,0,0
35341,5852,1,833,17,0,0,0,0,0,0,0,0,0,0
35342,5852,1,833,17,0,0,0,0,0,0,0,0,0,0
35343,5852,1,833,17,0,0,0,0,0,0,0,0,0,0
35344,5852,1,833,17,0,0,0,0,0,0,0,0,0,0
35345,5852,1,833,17,0,0,0,0,0,0,0,0,0,0
35346,5852,1,833,17,0,0,0,0,0,0,0,0,0,0
35347,5852,1,833,17,0,0,0,0,0,0,0,0,0,0
35348,5852,0,833,17,0,0,0,0,0,0,0,0,0,0
35349,5852,0,833,17,0,0,0,0,0,0,0,0,0,0
35350,5852,0,833,17,0,0,0,0,0,0,0,0,0,0
35351,5852,0,833,17,0,0,0,0,0,0,0,0,0,0
35352,5852,0,833,17,0,0,0,0,0,0,0,0,0,0
35353,5852,0,833,17,0,0,0,0,0,0,0,0,0,0
35354,5852,0,833,17,0,0,0,0,0,0,0,0,0,0
35355,5852,0,833,17,0,0,0,0,0,0,0,0,0,0
35356,5852,0,833,17,0,0,0,0,0,0,0,0,0,0
35357,5852,0,833,17,0,0,0,0,0,0,0,0,0,0
35358,5852,0,833,17,0,0,0,0,0,0,0,0,0,0
35359,5852,0,833,17,0,0,0,0,0,0,0,0,0,0
35360,5852,0,833,17,0,0,0,0,0,0,0,0,0,0
35361,5852,0,833,17,0,0,0,0,0,0,0,0,0,0
35362,5852,0,833,17,0,0,0,0,0,0,0,0,0,0
35363,5852,0,833,17,0,0,0,0,0,0,0,0,0,0
35364,5852,0,833,17,0,0,0,0,0,0,0,0,0,0
35365,5852,0,833,17,0,0,0,0,0,0,0,0,0,0
35366,5852,0,833,17,0,0,0,0,0,0,0,0,0,0
35367,5851,0,833,17,0,0,0,0,0,0,0,0,0,0
35368,5851,0,833,17,0,0,0,0,0,0,0,0,0,0
35369,5851,1,833,17,0,0,0,0,0,0,0,0,0,0
35370,5851,1,833,17,0,0,0,0,0,0,0,0,0,0
35371,5851,1,833,17,0,0,0,0,0,0,0,0,0,0
35372,5851,1,833,17,0,0,0,0,0,0,0,0,0,0
35373,5851,1,833,17,0,0,0,0,0,0,0,0,0,0
35374,5851,1,833,17,0,0,0,0,0,0,0,0,0,0
35375,5851,0,833,17,0,0,0,0,0,0,0,0,0,0
35376,5851,0,833,17,0,0,0,0,0,0,0,0,0,0
35377,5851,0,833,17,0,0,0,0,0,0,0,0,0,0
35378,5851,0,833,17,0,0,0,0,0,0,0,0,0,0
35379,5851,0,833,17,0,0,0,0,0,0,0,0,0,0
35380,5851,0,833,17,0,0,0,0,0,0,0,0,0,0
35381,5851,0,833,17,0,0,0,0,0,0,0,0,0,0
35382,5851,0,833,17,0,0,0,0,0,0,0,0,0,0
35383,5851,0,833,17,0,0,0,0,0,0,0,0,0,0
35384,5851,0,833,17,0,0,0,0,0,0,0,0,0,0
35385,5851,0,833,17,0,0,0,0,0,0,0,0,0,0
35386,5851,0,833,17,0,0,0,0,0,0,0,0,0,0
35387,5851,0,833,17,0,0,0,0,0,0,0,0,0,0
35388,5851,0,833,17,0,0,0,0,0,0,0,0,0,0
35389,5851,0,833,17,0,0,0,0,0,0,0,0,0,0
35390,5851,0,833,17,0,0,0,0,0,0,0,0,0,0
35391,5851,0,833,17,0,0,0,0,0,0,0,0,0,0
35392,5851,0,833,17,0,0,0,0,0,0,0,0,0,0
35393,5851,0,833,17,0,0,0,0,0,0,0,0,0,0
35394,5851,0,833,17,0,0,0,0,0,0,0,0,0,0
35395,5850,0,833,17,0,0,0,0,0,0,0,0,0,0
35396,5850,1,833,17,0,0,0,0,0,0,0,0,0,0
35397,5850,1,833,17,0,0,0,0,0,0,0,0,0,0
35398,5850,1,833,17,0,0,0,0,0,0,0,0,0,0
35399,5850,1,833,17,0,0,0,0,0,0,0,0,0,0
35400,5850,1,833,17,0,0,0,0,0,0,0,0,0,0
35401,5850,1,833,17,0,0,0,0,0,0,0,0,0,0
35402,5850,0,833,17,0,0,0,0,0,0,0,0,0,0
35403,5850,0,833,17,0,0,0,0,0,0,0,0,0,0
35404,5850,0,833,17,0,0,0,0,0,0,0,0,0,0
35405,5850,0,833,17,0,0,0,0,0,0,0,0,0,0
35406,5850,0,833,17,0,0,0,0,0,0,0,0,0,0
35407,5850,0,833,17,0,0,0,0,0,0,0,0,0,0
35408,5850,0,833,17,0,0,0,0,0,0,0,0,0,0
35409,5850,0,833,17,0,0,0,0,0,0,0,0,0,0
35410,5850,0,833,17,0,0,0,0,0,0,0,0,0,0
35411,5850,0,833,17,0,0,0,0,0,0,0,0,0,0
35412,5850,0,833,17,0,0,0,0,0,0,0,0,0,0
35413,5850,0,833,17,0,0,0,0,0,0,0,0,0,0
35414,5850,0,833,17,0,0,0,0,0,0,0,0,0,0
35415,5850,0,833,17,0,0,0,0,0,0,0,0,0,0
35416,5850,0,833,17,0,0,0,0,0,0,0,0,0,0
35417,5850,0,833,17,0,0,0,0,0,0,0,0,0,0
35418,5850,0,833,17,0,0,0,0,0,0,0,0,0,0
35419,5850,0,833,17,0,0,0,0,0,0,0,0,0,0
35420,5850,0,833,17,0,0,0,0,0,0,0,0,0,0
35421,5850,0,833,17,0,0,0,0,0,0,0,0,0,0
35422,5849,0,833,17,0,0,0,0,0,0,0,0,0,0
35423,5849,0,833,17,0,0,0,0,0,0,0,0,0,0
35424,5849,1,833,17,0,0,0,0,0,0,0,0,0,0
35425,5849,1,833,17,0,0,0,0,0,0,0,0,0,0
35426,5849,1,833,17,0,0,0,0,0,0,0,0,0,0
35427,5849,1,833,17,0,0,0,0,0,0,0,0,0,0
35428,5849,1,833,17,0,0,0,0,0,0,0,0,0,0
35429,5849,1,833,17,0,0,0,0,0,0,0,0,0,0
35430,5849,1,833,17,0,0,0,0,0,0,0,0,0,0
35431,5849,1,833,17,0,0,0,0,0,0,0,0,0,0
35432,5849,1,833,17,0,0,0,0,0,0,0,0,0,0
35433,5849,1,833,17,0,0,0,0,0,0,0,0,0,0
35434,5849,0,833,17,0,0,0,0,0,0,0,0,0,0
35435,5849,0,833,17,0,0,0,0,0,0,0,0,0,0
35436,5849,0,833,17,0,0,0,0,0,0,0,0,0,0
35437,5849,0,833,17,0,0,0,0,0,0,0,0,0,0
35438,5849,0,833,17,0,0,0,0,0,0,0,0,0,0
35439,5849,0,833,17,0,0,0,0,0,0,0,0,0,0
35440,5849,0,833,17,0,0,0,0,0,0,0,0,0,0
35441,5849,0,833,17,0,0,0,0,0,0,0,0,0,0
35442,5849,0,833,17,0,0,0,0,0,0,0,0,0,0
35443,5849,0,833,17,0,0,0,0,0,0,0,0,0,0
35444,5849,0,833,17,0,0,0,0,0,0,0,0,0,0
35445,5849,0,833,17,0,0,0,0,0,0,0,0,0,0
35446,5849,0,833,17,0,0,0,0,0,0,0,0,0,0
35447,5849,0,833,17,0,0,0,0,0,0,0,0,0,0
35448,5849,0,833,17,0,0,0,0,0,0,0,0,0,0
35449,5849,0,833,17,0,0,0,0,0,0,0,0,0,0
35450,5849,0,833,17,0,0,0,0,0,0,0,0,0,0
35451,5849,0,833,17,0,0,0,0,0,0,0,0,0,0
35452,5849,0,833,17,0,0,0,0,0,0,0,0,0,0
35453,5849,0,833,17,0,0,0,0,0,0,0,0,0,0
35454,5848,0,833,17,0,0,0,0,0,0,0,0,0,0
35455,5848,1,833,17,0,0,0,0,0,0,0,0,0,0
35456,5848,1,833,17,0,0,0,0,0,0,0,0,0,0
35457,5848,1,833,17,0,0,0,0,0,0,0,0,0,0
35458,5848,1,833,17,0,0,0,0,0,0,0,0,0,0
35459,5848,1,833,17,0,0,0,0,0,0,0,0,0,0
35460,5848,1,833,17,0,0,0,0,0,0,0,0,0,0
35461,5848,1,833,17,0,0,0,0,0,0,0,0,0,0
35462,5848,1,833,17,0,0,0,0,0,0,0,0,0,0
35463,5848,1,833,17,0,0,0,0,0,0,0,0,0,0
35464,5848,1,833,17,0,0,0,0,0,0,0,0,0,0
35465,5848,0,833,17,0,0,0,0,0,0,0,0,0,0
35466,5848,0,833,17,0,0,0,0,0,0,0,0,0,0
35467,5848,0,833,17,0,0,0,0,0,0,0,0,0,0
35468,5848,0,833,17,0,0,0,0,0,0,0,0,0,0
35469,5848,0,833,17,0,0,0,0,0,0,0,0,0,0
35470,5848,0,833,17,0,0,0,0,0,0,0,0,0,0
35471,5848,0,833,17,0,0,0,0,0,0,0,0,0,0
35472,5848,0,833,17,0,0,0,0,0,0,0,0,0,0
35473,5848,0,833,17,0,0,0,0,0,0,0,0,0,0
35474,5848,0,833,17,0,0,0,0,0,0,0,0,0,0
35475,5848,0,833,17,0,0,0,0,0,0,0,0,0,0
35476,5848,0,833,17,0,0,0,0,0,0,0,0,0,0
35477,5848,0,833,17,0,0,0,0,0,0,0,0,0,0
35478,5848,0,833,17,0,0,0,0,0,0,0,0,0,0
35479,5848,0,833,17,0,0,0,0,0,0,0,0,0,0
35480,5848,0,833,17,0,0,0,0,0,0,0,0,0,0
35481,5848,0,833,17,0,0,0,0,0,0,0,0,0,0
35482,5848,0,833,17,0,0,0,0,0,0,0,0,0,0
35483,5848,0,833,17,0,0,0,0,0,0,0,0,0,0
35484,5848,0,833,17,0,0,0,0,0,0,0,0,0,0
35485,5848,0,833,17,0,0,0,0,0,0,0,0,0,0
35486,5847,0,833,17,0,0,0,0,0,0,0,0,0,0
35487,5847,1,833,17,0,0,0,0,0,0,0,0,0,0
35488,5847,1,833,17,0,0,0,0,0,0,0,0,0,0
35489,5847,1,833,17,0,0,0,0,0,0,0,0,0,0
35490,5847,1,833,17,0,0,0,0,0,0,0,0,0,0
35491,5847,1,833,17,0,0,0,0,0,0,0,0,0,0
35492,5847,1,833,17,0,0,0,0,0,0,0,0,0,0
35493,5847,1,833,17,0,0,0,0,0,0,0,0,0,0
35494,5847,1,833,17,0,0,0,0,0,0,0,0,0,0
35495,5847,1,833,17,0,0,0,0,0,0,0,0,0,0
35496,5847,1,833,17,0,0,0,0,0,0,0,0,0,0
35497,5847,0,833,17,0,0,0,0,0,0,0,0,0,0
35498,5847,0,833,17,0,0,0,0,0,0,0,0,0,0
35499,5847,0,833,17,0,0,0,0,0,0,0,0,0,0
35500,5847,0,833,17,0,0,0,0,0,0,0,0,0,0
35501,5847,0,833,17,0,0,0,0,0,0,0,0,0,0
35502,5847,0,833,17,0,0,0,0,0,0,0,0,0,0
35503,5847,0,833,17,0,0,0,0,0,0,0,0,0,0
35504,5847,0,833,17,0,0,0,0,0,0,0,0,0,0
35505,5847,0,833,17,0,0,0,0,0,0,0,0,0,0
35506,5847,0,833,17,0,0,0,0,0,0,0,0,0,0
35507,5847,0,833,17,0,0,0,0,0,0,0,0,0,0
35508,5847,0,833,17,0,0,0,0,0,0,0,0,0,0
35509,5847,0,833,17,0,0,0,0,0,0,0,0,0,0
35510,5847,0,833,17,0,0,0,0,0,0,0,0,0,0
35511,5847,0,833,17,0,0,0,0,0,0,0,0,0,0
35512,5847,0,833,17,0,0,0,0,0,0,0,0,0,0
35513,5847,0,833,17,0,0,0,0,0,0,0,0,0,0
35514,5847,0,833,17,0,0,0,0,0,0,0,0,0,0
35515,5847,0,833,17,0,0,0,0,0,0,0,0,0,0
35516,5847,0,833,17,0,0,0,0,0,0,0,0,0,0
35517,5847,0,833,17,0,0,0,0,0,0,0,0,0,0
35518,5846,0,833,17,0,0,0,0,0,0,0,0,0,0
35519,5846,0,833,17,0,0,0,0,0,0,0,0,0,0
35520,5846,0,833,17,0,0,0,0,0,0,0,0,0,0
35521,5846,0,833,17,0,0,0,0,0,0,0,0,0,0
35522,5846,1,833,17,0,0,0,0,0,0,0,0,0,0
35523,5846,1,833,17,0,0,0,0,0,0,0,0,0,0
35524,5846,1,833,17,0,0,0,0,0,0,0,0,0,0
35525,5846,1,833,17,0,0,0,0,0,0,0,0,0,0
35526,5846,1,833,17,0,0,0,0,0,0,0,0,0,0
35527,5846,1,833,17,0,0,0,0,0,0,0,0,0,0
35528,5846,1,833,17,0,0,0,0,0,0,0,0,0,0
35529,5846,1,833,17,0,0,0,0,0,0,0,0,0,0
35530,5846,1,833,17,0,0,0,0,0,0,0,0,0,0
35531,5846,1,833,17,0,0,0,0,0,0,0,0,0,0
35532,5846,1,833,17,0,0,0,0,0,0,0,0,0,0
35533,5846,1,833,17,0,0,0,0,0,0,0,0,0,0
35534,5846,1,833,17,0,0,0,0,0,0,0,0,0,0
35535,5846,1,833,17,0,0,0,0,0,0,0,0,0,0
35536,5846,1,833,17,0,0,0,0,0,0,0,0,0,0
35537,5846,1,833,17,0,0,0,0,0,0,0,0,0,0
35538,5846,1,833,17,0,0,0,0,0,0,0,0,0,0
35539,5846,1,833,17,0,0,0,0,0,0,0,0,0,0
35540,5846,1,833,17,0,0,0,0,0,0,0,0,0,0
35541,5846,1,833,17,0,0,0,0,0,0,0,0,0,0
35542,5846,1,833,17,0,0,0,0,0,0,0,0,0,0
35543,5846,0,833,17,0,0,0,0,0,0,0,0,0,0
35544,5846,0,833,17,0,0,0,0,0,0,0,0,0,0
35545,5846,0,833,17,0,0,0,0,0,0,0,0,0,0
35546,5846,0,833,17,0,0,0,0,0,0,0,0,0,0
35547,5846,0,833,17,0,0,0,0,0,0,0,0,0,0
35548,5846,0,833,17,0,0,0,0,0,0,0,0,0,0
35549,5846,0,833,17,0,0,0,0,0,0,0,0,0,0
35550,5845,0,833,17,0,0,0,0,0,0,0,0,0,0
35551,5845,0,833,17,0,0,0,0,0,0,0,0,0,0
35552,5845,1,833,17,0,0,0,0,0,0,0,0,0,0
35553,5845,1,833,17,0,0,0,0,0,0,0,0,0,0
35554,5845,1,833,17,0,0,0,0,0,0,0,0,0,0
35555,5845,1,833,17,0,0,0,0,0,0,0,0,0,0
35556,5845,1,833,17,0,0,0,0,0,0,0,0,0,0
35557,5845,1,833,17,0,0,0,0,0,0,0,0,0,0
35558,5845,1,833,17,0,0,0,0,0,0,0,0,0,0
35559,5845,1,833,17,0,0,0,0,0,0,0,0,0,0
35560,5845,1,833,17,0,0,0,0,0,0,0,0,0,0
35561,5845,1,833,17,0,0,0,0,0,0,0,0,0,0
35562,5845,1,833,17,0,0,0,0,0,0,0,0,0,0
35563,5845,1,833,17,0,0,0,0,0,0,0,0,0,0
35564,5845,1,833,17,0,0,0,0,0,0,0,0,0,0
35565,5845,1,833,17,0,0,0,0,0,0,0,0,0,0
35566,5845,1,833,17,0,0,0,0,0,0,0,0,0,0
35567,5845,1,833,17,0,0,0,0,0,0,0,0,0,0
35568,5845,1,833,17,0,0,0,0,0,0,0,0,0,0
35569,5845,1,833,17,0,0,0,0,0,0,0,0,0,0
35570,5845,1,833,17,0,0,0,0,0,0,0,0,0,0
35571,5845,1,833,17,0,0,0,0,0,0,0,0,0,0
35572,5845,1,833,17,0,0,0,0,0,0,0,0,0,0
35573,5845,1,833,17,0,0,0,0,0,0,0,0,0,0
35574,5845,1,833,17,0,0,0,0,0,0,0,0,0,0
35575,5845,1,833,17,0,0,0,0,0,0,0,0,0,0
35576,5845,0,833,17,0,0,0,0,0,0,0,0,0,0
35577,5845,0,833,17,0,0,0,0,0,0,0,0,0,0
35578,5845,0,833,17,0,0,0,0,0,0,0,0,0,0
35579,5845,0,833,17,0,0,0,0,0,0,0,0,0,0
35580,5845,0,833,17,0,0,0,0,0,0,0,0,0,0
35581,5845,0,833,17,0,0,0,0,0,0,0,0,0,0
35582,5844,0,833,17,0,0,0,0,0,0,0,0,0,0
35583,5844,1,833,17,0,0,0,0,0,0,0,0,0,0
35584,5844,1,833,17,0,0,0,0,0,0,0,0,0,0
35585,5844,1,833,17,0,0,0,0,0,0,0,0,0,0
35586,5844,1,833,17,0,0,0,0,0,0,0,0,0,0
35587,5844,1,833,17,0,0,0,0,0,0,0,0,0,0
35588,5844,1,833,17,0,0,0,0,0,0,0,0,0,0
35589,5844,1,833,17,0,0,0,0,0,0,0,0,0,0
35590,5844,1,833,17,0,0,0,0,0,0,0,0,0,0
35591,5844,1,833,17,0,0,0,0,0,0,0,0,0,0
35592,5844,1,833,17,0,0,0,0,0,0,0,0,0,0
35593,5844,1,833,17,0,0,0,0,0,0,0,0,0,0
35594,5844,1,833,17,0,0,0,0,0,0,0,0,0,0
35595,5844,1,833,17,0,0,0,0,0,0,0,0,0,0
35596,5844,1,833,17,0,0,0,0,0,0,0,0,0,0
35597,5844,1,833,17,0,0,0,0,0,0,0,0,0,0
35598,5844,1,833,17,0,0,0,0,0,0,0,0,0,0
35599,5844,1,833,17,0,0,0,0,0,0,0,0,0,0
35600,5844,1,833,17,0,0,0,0,0,0,0,0,0,0
35601,5844,1,833,17,0,0,0,0,0,0,0,0,0,0
35602,5844,1,833,17,0,0,0,0,0,0,0,0,0,0
35603,5844,1,833,17,0,0,0,0,0,0,0,0,0,0
35604,5844,1,833,17,0,0,0,0,0,0,0,0,0,0
35605,5844,1,833,17,0,0,0,0,0,0,0,0,0,0
35606,5844,1,833,17,0,0,0,0,0,0,0,0,0,0
35607,5844,1,833,17,0,0,0,0,0,0,0,0,0,0
35608,5844,0,833,17,0,0,0,0,0,0,0,0,0,0
35609,5844,0,833,17,0,0,0,0,0,0,0,0,0,0
35610,5844,0,833,17,0,0,0,0,0,0,0,0,0,0
35611,5844,0,833,17,0,0,0,0,0,0,0,0,0,0
35612,5844,0,833,17,0,0,0,0,0,0,0,0,0,0
35613,5844,0,833,17,0,0,0,0,0,0,0,0,0,0
35614,5843,0,833,17,0,0,0,0,0,0,0,0,0,0
35615,5843,1,833,17,0,0,0,0,0,0,0,0,0,0
35616,5843,1,833,17,0,0,0,0,0,0,0,0,0,0
35617,5843,1,833,17,0,0,0,0,0,0,0,0,0,0
35618,5843,1,833,17,0,0,0,0,0,0,0,0,0,0
35619,5843,1,833,17,0,0,0,0,0,0,0,0,0,0
35620,5843,1,833,17,0,0,0,0,0,0,0,0,0,0
35621,5843,1,833,17,0,0,0,0,0,0,0,0,0,0
35622,5843,1,833,17,0,0,0,0,0,0,0,0,0,0
35623,5843,1,833,17,0,0,0,0,0,0,0,0,0,0
35624,5843,1,833,17,0,0,0,0,0,0,0,0,0,0
35625,5843,1,833,17,0,0,0,0,0,0,0,0,0,0
35626,5843,1,833,17,0,0,0,0,0,0,0,0,0,0
35627,5843,1,833,17,0,0,0,0,0,0,0,0,0,0
35628,5843,1,833,17,0,0,0,0,0,0,0,0,0,0
35629,5843,1,833,17,0,0,0,0,0,0,0,0,0,0
35630,5843,1,833,17,0,0,0,0,0,0,0,0,0,0
35631,5843,1,833,17,0,0,0,0,0,0,0,0,0,0
35632,5843,1,833,17,0,0,0,0,0,0,0,0,0,0
35633,5843,1,833,17,0,0,0,0,0,0,0,0,0,0
35634,5843,1,833,17,0,0,0,0,0,0,0,0,0,0
35635,5843,1,833,17,0,0,0,0,0,0,0,0,0,0
35636,5843,1,833,17,0,0,0,0,0,0,0,0,0,0
35637,5843,1,833,17,0,0,0,0,0,0,0,0,0,0
35638,5843,1,833,17,0,0,0,0,0,0,0,0,0,0
35639,5843,1,833,17,0,0,0,0,0,0,0,0,0,0
35640,5843,1,833,17,0,0,0,0,0,0,0,0,0,0
35641,5843,1,833,17,0,0,0,0,0,0,0,0,0,0
35642,5843,1,833,17,0,0,0,0,0,0,0,0,0,0
35643,5843,0,833,17,0,0,0,0,0,0,0,0,0,0
35644,5843,0,833,17,0,0,0,0,0,0,0,0,0,0
35645,5843,0,833,17,0,0,0,0,0,0,0,0,0,0
35646,5843,0,833,17,0,0,0,0,0,0,0,0,0,0
35647,5843,0,833,17,0,0,0,0,0,0,0,0,0,0
35648,5842,0,833,17,0,0,0,0,0,0,0,0,0,0
35649,5842,1,833,17,0,0,0,0,0,0,0,0,0,0
35650,5842,1,833,17,0,0,0,0,0,0,0,0,0,0
35651,5842,1,833,17,0,0,0,0,0,0,0,0,0,0
35652,5842,1,833,17,0,0,0,0,0,0,0,0,0,0
35653,5842,1,833,17,0,0,0,0,0,0,0,0,0,0
35654,5842,1,833,17,0,0,0,0,0,0,0,0,0,0
35655,5842,1,833,17,0,0,0,0,0,0,0,0,0,0
35656,5842,1,833,17,0,0,0,0,0,0,0,0,0,0
35657,5842,1,833,17,0,0,0,0,0,0,0,0,0,0
35658,5842,1,833,17,0,0,0,0,0,0,0,0,0,0
35659,5842,1,833,17,0,0,0,0,0,0,0,0,0,0
35660,5842,1,833,17,0,0,0,0,0,0,0,0,0,0
35661,5842,1,833,17,0,0,0,0,0,0,0,0,0,0
35662,5842,1,833,17,0,0,0,0,0,0,0,0,0,0
35663,5842,1,833,17,0,0,0,0,0,0,0,0,0,0
35664,5842,1,833,17,0,0,0,0,0,0,0,0,0,0
35665,5842,1,833,17,0,0,0,0,0,0,0,0,0,0
35666,5842,1,833,17,0,0,0,0,0,0,0,0,0,0
35667,5842,1,833,17,0,0,0,0,0,0,0,0,0,0
35668,5842,1,833,17,0,0,0,0,0,0,0,0,0,0
35669,5842,1,833,17,0,0,0,0,0,0,0,0,0,0
35670,5842,1,833,17,0,0,0,0,0,0,0,0,0,0
35671,5842,1,833,17,0,0,0,0,0,0,0,0,0,0
35672,5842,1,833,17,0,0,0,0,0,0,0,0,0,0
35673,5842,1,833,17,0,0,0,0,0,0,0,0,0,0
35674,5842,1,833,17,0,0,0,0,0,0,0,0,0,0
35675,5842,1,833,17,0,0,0,0,0,0,0,0,0,0
35676,5842,1,833,17,0,0,0,0,0,0,0,0,0,0
35677,5842,0,833,17,0,0,0,0,0,0,0,0,0,0
35678,5842,0,833,17,0,0,0,0,0,0,0,0,0,0
35679,5842,0,833,17,0,0,0,0,0,0,0,0,0,0
35680,5842,0,833,17,0,0,0,0,0,0,0,0,0,0
35681,5842,0,833,17,0,0,0,0,0,0,0,0,0,0
35682,5841,0,833,17,0,0,0,0,0,0,0,0,0,0
35683,5841,1,833,17,0,0,0,0,0,0,0,0,0,0
35684,5841,1,833,17,0,0,0,0,0,0,0,0,0,0
35685,5841,1,833,17,0,0,0,0,0,0,0,0,0,0
35686,5841,1,833,17,0,0,0,0,0,0,0,0,0,0
35687,5841,1,833,17,0,0,0,0,0,0,0,0,0,0
35688,5841,1,833,17,0,0,0,0,0,0,0,0,0,0
35689,5841,1,833,17,0,0,0,0,0,0,0,0,0,0
35690,5841,1,833,17,0,0,0,0,0,0,0,0,0,0
35691,5841,1,833,17,0,0,0,0,0,0,0,0,0,0
35692,5841,1,833,17,0,0,0,0,0,0,0,0,0,0
35693,5841,1,833,17,0,0,0,0,0,0,0,0,0,0
35694,5841,1,833,17,0,0,0,0,0,0,0,0,0,0
35695,5841,1,833,17,0,0,0,0,0,0,0,0,0,0
35696,5841,1,833,17,0,0,0,0,0,0,0,0,0,0
35697,5841,1,833,17,0,0,0,0,0,0,0,0,0,0
35698,5841,1,833,17,0,0,0,0,0,0,0,0,0,0
35699,5841,1,833,17,0,0,0,0,0,0,0,0,0,0
35700,5841,1,833,17,0,0,0,0,0,0,0,0,0,0
35701,5841,1,833,17,0,0,0,0,0,0,0,0,0,0
35702,5841,1,833,17,0,0,0,0,0,0,0,0,0,0
35703,5841,1,833,17,0,0,0,0,0,0,0,0,0,0
35704,5841,1,833,17,0,0,0,0,0,0,0,0,0,0
35705,5841,1,833,17,0,0,0,0,0,0,0,0,0,0
35706,5841,1,833,17,0,0,0,0,0,0,0,0,0,0
35707,5841,1,833,17,0,0,0,0,0,0,0,0,0,0
35708,5841,1,833,17,0,0,0,0,0,0,0,0,0,0
35709,5841,1,833,17,0,0,0,0,0,0,0,0,0,0
35710,5841,0,833,17,0,0,0,0,0,0,0,0,0,0
35711,5841,0,833,17,0,0,0,0,0,0,0,0,0,0
35712,5841,0,833,17,0,0,0,0,0,0,0,0,0,0
35713,5841,0,833,17,0,0,0,0,0,0,0,0,0,0
35714,5841,0,833,17,0,0,0,0,0,0,0,0,0,0
35715,5841,0,833,17,0,0,0,0,0,0,0,0,0,0
35716,5840,0,833,17,0,0,0,0,0,0,0,0,0,0
35717,5840,1,833,17,0,0,0,0,0,0,0,0,0,0
35718,5840,1,833,17,0,0,0,0,0,0,0,0,0,0
35719,5840,1,833,17,0,0,0,0,0,0,0,0,0,0
35720,5840,1,833,17,0,0,0,0,0,0,0,0,0,0
35721,5840,1,833,17,0,0,0,0,0,0,0,0,0,0
35722,5840,1,833,17,0,0,0,0,0,0,0,0,0,0
35723,5840,1,833,17,0,0,0,0,0,0,0,0,0,0
35724,5840,1,833,17,0,0,0,0,0,0,0,0,0,0
35725,5840,1,833,17,0,0,0,0,0,0,0,0,0,0
35726,5840,1,833,17,0,0,0,0,0,0,0,0,0,0
35727,5840,1,833,17,0,0,0,0,0,0,0,0,0,0
35728,5840,1,833,17,0,0,0,0,0,0,0,0,0,0
35729,5840,1,833,17,0,0,0,0,0,0,0,0,0,0
35730,5840,1,833,17,0,0,0,0,0,0,0,0,0,0
35731,5840,1,833,17,0,0,0,0,0,0,0,0,0,0
35732,5840,1,833,17,0,0,0,0,0,0,0,0,0,0
35733,5840,1,833,17,0,0,0,0,0,0,0,0,0,0
35734,5840,1,833,17,0,0,0,0,0,0,0,0,0,0
35735,5840,1,833,17,0,0,0,0,0,0,0,0,0,0
35736,5840,1,833,17,0,0,0,0,0,0,0,0,0,0
35737,5840,1,833,17,0,0,0,0,0,0,0,0,0,0
35738,5840,1,833,17,0,0,0,0,0,0,0,0,0,0
35739,5840,1,833,17,0,0,0,0,0,0,0,0,0,0
35740,5840,1,833,17,0,0,0,0,0,0,0,0,0,0
35741,5840,1,833,17,0,0,0,0,0,0,0,0,0,0
35742,5840,1,833,17,0,0,0,0,0,0,0,0,0,0
35743,5840,0,833,17,0,0,0,0,0,0,0,0,0,0
35744,5839,0,833,17,0,0,0,0,0,0,0,0,0,0
35745,5839,1,833,17,0,0,0,0,0,0,0,0,0,0
35746,5839,1,833,17,0,0,0,0,0,0,0,0,0,0
35747,5839,1,833,17,0,0,0,0,0,0,0,0,0,0
35748,5839,1,833,17,0,0,0,0,0,0,0,0,0,0
35749,5839,1,833,17,0,0,0,0,0,0,0,0,0,0
35750,5839,1,833,17,0,0,0,0,0,0,0,0,0,0
35751,5839,1,833,17,0,0,0,0,0,0,0,0,0,0
35752,5839,1,833,17,0,0,0,0,0,0,0,0,0,0
35753,5839,1,833,17,0,0,0,0,0,0,0,0,0,0
35754,5839,1,833,17,0,0,0,0,0,0,0,0,0,0
35755,5839,1,833,17,0,0,0,0,0,0,0,0,0,0
35756,5839,1,833,17,0,0,0,0,0,0,0,0,0,0
35757,5839,1,833,17,0,0,0,0,0,0,0,0,0,0
35758,5839,1,833,17,0,0,0,0,0,0,0,0,0,0
35759,5839,1,833,17,0,0,0,0,0,0,0,0,0,0
35760,5839,1,833,17,0,0,0,0,0,0,0,0,0,0
35761,5839,1,833,17,0,0,0,0,0,0,0,0,0,0
35762,5839,1,833,17,0,0,0,0,0,0,0,0,0,0
35763,5839,1,833,17,0,0,0,0,0,0,0,0,0,0
35764,5839,1,833,17,0,0,0,0,0,0,0,0,0,0
35765,5839,1,833,17,0,0,0,0,0,0,0,0,0,0
35766,5839,1,833,17,0,0,0,0,0,0,0,0,0,0
35767,5839,1,833,17,0,0,0,0,0,0,0,0,0,0
35768,5839,1,833,17,0,0,0,0,0,0,0,0,0,0
35769,5839,1,833,17,0,0,0,0,0,0,0,0,0,0
35770,5839,0,833,17,0,0,0,0,0,0,0,0,0,0
35771,5839,0,833,17,0,0,0,0,0,0,0,0,0,0
35772,5838,0,833,17,0,0,0,0,0,0,0,0,0,0
35773,5838,1,833,17,0,0,0,0,0,0,0,0,0,0
35774,5838,1,833,17,0,0,0,0,0,0,0,0,0,0
35775,5838,1,833,17,0,0,0,0,0,0,0,0,0,0
35776,5838,1,833,17,0,0,0,0,0,0,0,0,0,0
35777,5838,1,833,17,0,0,0,0,0,0,0,0,0,0
35778,5838,1,833,17,0,0,0,0,0,0,0,0,0,0
35779,5838,1,833,17,0,0,0,0,0,0,0,0,0,0
35780,5838,1,833,17,0,0,0,0,0,0,0,0,0,0
35781,5838,1,833,17,0,0,0,0,0,0,0,0,0,0
35782,5838,1,833,17,0,0,0,0,0,0,0,0,0,0
35783,5838,1,833,17,0,0,0,0,0,0,0,0,0,0
35784,5838,1,833,17,0,0,0,0,0,0,0,0,0,0
35785,5838,1,833,17,0,0,0,0,0,0,0,0,0,0
35786,5838,1,833,17,0,0,0,0,0,0,0,0,0,0
35787,5838,1,833,17,0,0,0,0,0,0,0,0,0,0
35788,5838,1,833,17,0,0,0,0,0,0,0,0,0,0
35789,5838,1,833,17,0,0,0,0,0,0,0,0,0,0
35790,5838,1,833,17,0,0,0,0,0,0,0,0,0,0
35791,5838,1,833,17,0,0,0,0,0,0,0,0,0,0
35792,5838,1,833,17,0,0,0,0,0,0,0,0,0,0
35793,5838,1,833,17,0,0,0,0,0,0,0,0,0,0
35794,5838,1,833,17,0,0,0,0,0,0,0,0,0,0
35795,5838,1,833,17,0,0,0,0,0,0,0,0,0,0
35796,5838,1,833,17,0,0,0,0,0,0,0,0,0,0
35797,5838,0,833,17,0,0,0,0,0,0,0,0,0,0
35798,5838,0,833,17,0,0,0,0,0,0,0,0,0,0
35799,5838,0,833,17,0,0,0,0,0,0,0,0,0,0
35800,5837,0,833,17,0,0,0,0,0,0,0,0,0,0
35801,5837,1,833,17,0,0,0,0,0,0,0,0,0,0
35802,5837,1,833,17,0,0,0,0,0,0,0,0,0,0
35803,5837,1,833,17,0,0,0,0,0,0,0,0,0,0
35804,5837,1,833,17,0,0,0,0,0,0,0,0,0,0
35805,5837,1,833,17,0,0,0,0,0,0,0,0,0,0
35806,5837,1,833,17,0,0,0,0,0,0,0,0,0,0
35807,5837,1,833,17,0,0,0,0,0,0,0,0,0,0
35808,5837,1,833,17,0,0,0,0,0,0,0,0,0,0
35809,5837,1,833,17,0,0,0,0,0,0,0,0,0,0
35810,5837,1,833,17,0,0,0,0,0,0,0,0,0,0
35811,5837,1,833,17,0,0,0,0,0,0,0,0,0,0
35812,5837,1,833,17,0,0,0,0,0,0,0,0,0,0
35813,5837,1,833,17,0,0,0,0,0,0,0,0,0,0
35814,5837,1,833,17,0,0,0,0,0,0,0,0,0,0
35815,5837,1,833,17,0,0,0,0,0,0,0,0,0,0
35816,5837,1,833,17,0,0,0,0,0,0,0,0,0,0
35817,5837,1,833,17,0,0,0,0,0,0,0,0,0,0
35818,5837,1,833,17,0,0,0,0,0,0,0,0,0,0
35819,5837,1,833,17,0,0,0,0,0,0,0,0,0,0
35820,5837,1,833,17,0,0,0,0,0,0,0,0,0,0
35821,5837,1,833,17,0,0,0,0,0,0,0,0,0,0
35822,5837,1,833,17,0,0,0,0,0,0,0,0,0,0
35823,5837,1,833,17,0,0,0,0,0,0,0,0,0,0
35824,5837,1,833,17,0,0,0,0,0,0,0,0,0,0
35825,5837,1,833,17,0,0,0,0,0,0,0,0,0,0
35826,5837,0,833,17,0,0,0,0,0,0,0,0,0,0
35827,5837,0,833,17,0,0,0,0,0,0,0,0,0,0
35828,5837,0,833,17,0,0,0,0,0,0,0,0,0,0
35829,5837,0,833,17,0,0,0,0,0,0,0,0,0,0
35830,5837,0,833,17,0,0,0,0,0,0,0,0,0,0
35831,5837,0,833,17,0,0,0,0,0,0,0,0,0,0
35832,5837,0,833,17,0,0,0,0,0,0,0,0,0,0
35833,5836,1,833,17,0,0,0,0,0,0,0,0,0,0
35834,5836,1,833,17,0,0,0,0,0,0,0,0,0,0
35835,5836,1,833,17,0,0,0,0,0,0,0,0,0,0
35836,5836,1,833,17,0,0,0,0,0,0,0,0,0,0
35837,5836,1,833,17,0,0,0,0,0,0,0,0,0,0
35838,5836,1,833,17,0,0,0,0,0,0,0,0,0,0
35839,5836,1,833,17,0,0,0,0,0,0,0,0,0,0
35840,5836,1,833,17,0,0,0,0,0,0,0,0,0,0
35841,5836,1,833,17,0,0,0,0,0,0,0,0,0,0
35842,5836,1,833,17,0,0,0,0,0,0,0,0,0,0
35843,5836,1,833,17,0,0,0,0,0,0,0,0,0,0
35844,5836,1,833,17,0,0,0,0,0,0,0,0,0,0
35845,5836,1,833,17,0,0,0,0,0,0,0,0,0,0
35846,5836,1,833,17,0,0,0,0,0,0,0,0,0,0
35847,5836,1,833,17,0,0,0,0,0,0,0,0,0,0
35848,5836,1,833,17,0,0,0,0,0,0,0,0,0,0
35849,5836,1,833,17,0,0,0,0,0,0,0,0,0,0
35850,5836,1,833,17,0,0,0,0,0,0,0,0,0,0
35851,5836,1,833,17,0,0,0,0,0,0,0,0,0,0
35852,5836,1,833,17,0,0,0,0,0,0,0,0,0,0
35853,5836,1,833,17,0,0,0,0,0,0,0,0,0,0
35854,5836,1,833,17,0,0,0,0,0,0,0,0,0,0
35855,5836,1,833,17,0,0,0,0,0,0,0,0,0,0
35856,5836,1,833,17,0,0,0,0,0,0,0,0,0,0
35857,5836,1,833,17,0,0,0,0,0,0,0,0,0,0
35858,5836,1,833,17,0,0,0,0,0,0,0,0,0,0
35859,5836,1,833,17,0,0,0,0,0,0,0,0,0,0
35860,5836,1,833,17,0,0,0,0,0,0,0,0,0,0
35861,5836,0,833,17,0,0,0,0,0,0,0,0,0,0
35862,5836,0,833,17,0,0,0,0,0,0,0,0,0,0
35863,5836,0,833,17,0,0,0,0,0,0,0,0,0,0
35864,5836,0,833,17,0,0,0,0,0,0,0,0,0,0
35865,5836,0,833,17,0,0,0,0,0,0,0,0,0,0
35866,5835,1,833,17,0,0,0,0,0,0,0,0,0,0
35867,5835,1,833,17,0,0,0,0,0,0,0,0,0,0
35868,5835,1,833,17,0,0,0,0,0,0,0,0,0,0
35869,5835,0,833,17,0,0,0,0,0,0,0,0,0,0
35870,5835,0,833,17,0,0,0,0,0,0,0,0,0,0
35871,5835,1,833,17,0,0,0,0,0,0,0,0,0,0
35872,5835,1,833,17,0,0,0,0,0,0,0,0,0,0
35873,5835,1,833,17,0,0,0,0,0,0,0,0,0,0
35874,5835,1,833,17,0,0,0,0,0,0,0,0,0,0
35875,5835,1,833,17,0,0,0,0,0,0,0,0,0,0
35876,5835,1,833,17,0,0,0,0,0,0,0,0,0,0
35877,5835,1,833,17,0,0,0,0,0,0,0,0,0,0
35878,5835,1,833,17,0,0,0,0,0,0,0,0,0,0
35879,5835,1,833,17,0,0,0,0,0,0,0,0,0,0
35880,5835,1,833,17,0,0,0,0,0,0,0,0,0,0
35881,5835,1,833,17,0,0,0,0,0,0,0,0,0,0
35882,5835,1,833,17,0,0,0,0,0,0,0,0,0,0
35883,5835,1,833,17,0,0,0,0,0,0,0,0,0,0
35884,5835,1,833,17,0,0,0,0,0,0,0,0,0,0
35885,5835,1,833,17,0,0,0,0,0,0,0,0,0,0
35886,5835,1,833,17,0,0,0,0,0,0,0,0,0,0
35887,5835,1,833,17,0,0,0,0,0,0,0,0,0,0
35888,5835,1,833,17,0,0,0,0,0,0,0,0,0,0
35889,5835,1,833,17,0,0,0,0,0,0,0,0,0,0
35890,5835,1,833,17,0,0,0,0,0,0,0,0,0,0
35891,5835,1,833,17,0,0,0,0,0,0,0,0,0,0
35892,5835,1,833,17,0,0,0,0,0,0,0,0,0,0
35893,5835,1,833,17,0,0,0,0,0,0,0,0,0,0
35894,5835,0,833,17,0,0,0,0,0,0,0,0,0,0
35895,5835,0,833,17,0,0,0,0,0,0,0,0,0,0
35896,5835,0,833,17,0,0,0,0,0,0,0,0,0,0
35897,5835,0,833,17,0,0,0,0,0,0,0,0,0,0
35898,5835,0,833,17,0,0,0,0,0,0,0,0,0,0
35899,5834,1,833,17,0,0,0,0,0,0,0,0,0,0
35900,5834,1,833,17,0,0,0,0,0,0,0,0,0,0
35901,5834,1,833,17,0,0,0,0,0,0,0,0,0,0
35902,5834,1,833,17,0,0,0,0,0,0,0,0,0,0
35903,5834,1,833,17,0,0,0,0,0,0,0,0,0,0
35904,5834,1,833,17,0,0,0,0,0,0,0,0,0,0
35905,5834,1,833,17,0,0,0,0,0,0,0,0,0,0
35906,5834,1,833,17,0,0,0,0,0,0,0,0,0,0
35907,5834,1,833,17,0,0,0,0,0,0,0,0,0,0
35908,5834,1,833,17,0,0,0,0,0,0,0,0,0,0
35909,5834,1,833,17,0,0,0,0,0,0,0,0,0,0
35910,5834,1,833,17,0,0,0,0,0,0,0,0,0,0
35911,5834,1,833,17,0,0,0,0,0,0,0,0,0,0
35912,5834,1,833,17,0,0,0,0,0,0,0,0,0,0
35913,5834,1,833,17,0,0,0,0,0,0,0,0,0,0
35914,5834,1,833,17,0,0,0,0,0,0,0,0,0,0
35915,5834,1,833,17,0,0,0,0,0,0,0,0,0,0
35916,5834,1,833,17,0,0,0,0,0,0,0,0,0,0
35917,5834,1,833,17,0,0,0,0,0,0,0,0,0,0
35918,5834,1,833,17,0,0,0,0,0,0,0,0,0,0
35919,5834,1,833,17,0,0,0,0,0,0,0,0,0,0
35920,5834,1,833,17,0,0,0,0,0,0,0,0,0,0
35921,5834,1,833,17,0,0,0,0,0,0,0,0,0,0
35922,5834,1,833,17,0,0,0,0,0,0,0,0,0,0
35923,5834,0,833,17,0,0,0,0,0,0,0,0,0,0
35924,5834,0,833,17,0,0,0,0,0,0,0,0,0,0
35925,5834,0,833,17,0,0,0,0,0,0,0,0,0,0
35926,5834,0,833,17,0,0,0,0,0,0,0,0,0,0
35927,5834,0,833,17,0,0,0,0,0,0,0,0,0,0
35928,5833,1,833,17,0,0,0,0,0,0,0,0,0,0
35929,5833,1,833,17,0,0,0,0,0,0,0,0,0,0
35930,5833,1,833,17,0,0,0,0,0,0,0,0,0,0
35931,5833,1,833,17,0,0,0,0,0,0,0,0,0,0
35932,5833,1,833,17,0,0,0,0,0,0,0,0,0,0
35933,5833,1,833,17,0,0,0,0,0,0,0,0,0,0
35934,5833,1,833,17,0,0,0,0,0,0,0,0,0,0
35935,5833,1,833,17,0,0,0,0,0,0,0,0,0,0
35936,5833,1,833,17,0,0,0,0,0,0,0,0,0,0
35937,5833,1,833,17,0,0,0,0,0,0,0,0,0,0
35938,5833,1,833,17,0,0,0,0,0,0,0,0,0,0
35939,5833,1,833,17,0,0,0,0,0,0,0,0,0,0
35940,5833,1,833,17,0,0,0,0,0,0,0,0,0,0
35941,5833,1,833,17,0,0,0,0,0,0,0,0,0,0
35942,5833,1,833,17,0,0,0,0,0,0,0,0,0,0
35943,5833,1,833,17,0,0,0,0,0,0,0,0,0,0
35944,5833,1,833,17,0,0,0,0,0,0,0,0,0,0
35945,5833,1,833,17,0,0,0,0,0,0,0,0,0,0
35946,5833,1,833,17,0,0,0,0,0,0,0,0,0,0
35947,5833,1,833,17,0,0,0,0,0,0,0,0,0,0
35948,5833,1,833,17,0,0,0,0,0,0,0,0,0,0
35949,5833,1,833,17,0,0,0,0,0,0,0,0,0,0
35950,5833,1,833,17,0,0,0,0,0,0,0,0,0,0
35951,5833,1,833,17,0,0,0,0,0,0,0,0,0,0
35952,5833,0,833,17,0,0,0,0,0,0,0,0,0,0
35953,5833,0,833,17,0,0,0,0,0,0,0,0,0,0
35954,5833,0,833,17,0,0,0,0,0,0,0,0,0,0
35955,5833,0,833,17,0,0,0,0,0,0,0,0,0,0
35956,5833,0,833,17,0,0,0,0,0,0,0,0,0,0
35957,5832,0,833,17,0,0,0,0,0,0,0,0,0,0
35958,5832,1,833,17,0,0,0,0,0,0,0,0,0,0
35959,5832,1,833,17,0,0,0,0,0,0,0,0,0,0
35960,5832,1,833,17,0,0,0,0,0,0,0,0,0,0
35961,5832,1,833,17,0,0,0,0,0,0,0,0,0,0
35962,5832,1,833,17,0,0,0,0,0,0,0,0,0,0
35963,5832,1,833,17,0,0,0,0,0,0,0,0,0,0
35964,5832,1,833,17,0,0,0,0,0,0,0,0,0,0
35965,5832,1,833,17,0,0,0,0,0,0,0,0,0,0
35966,5832,1,833,17,0,0,0,0,0,0,0,0,0,0
35967,5832,1,833,17,0,0,0,0,0,0,0,0,0,0
35968,5832,1,833,17,0,0,0,0,0,0,0,0,0,0
35969,5832,1,833,17,0,0,0,0,0,0,0,0,0,0
35970,5832,1,833,17,0,0,0,0,0,0,0,0,0,0
35971,5832,1,833,17,0,0,0,0,0,0,0,0,0,0
35972,5832,1,833,17,0,0,0,0,0,0,0,0,0,0
35973,5832,1,833,17,0,0,0,0,0,0,0,0,0,0
35974,5832,1,833,17,0,0,0,0,0,0,0,0,0,0
35975,5832,1,833,17,0,0,0,0,0,0,0,0,0,0
35976,5832,1,833,17,0,0,0,0,0,0,0,0,0,0
35977,5832,1,833,17,0,0,0,0,0,0,0,0,0,0
35978,5832,1,833,17,0,0,0,0,0,0,0,0,0,0
35979,5832,1,833,17,0,0,0,0,0,0,0,0,0,0
35980,5832,1,833,17,0,0,0,0,0,0,0,0,0,0
35981,5832,1,833,17,0,0,0,0,0,0,0,0,0,0
35982,5832,0,833,17,0,0,0,0,0,0,0,0,0,0
35983,5832,0,833,17,0,0,0,0,0,0,0,0,0,0
35984,5832,0,833,17,0,0,0,0,0,0,0,0,0,0
35985,5832,0,833,17,0,0,0,0,0,0,0,0,0,0
35986,5831,0,833,17,0,0,0,0,0,0,0,0,0,0
35987,5831,0,833,17,0,0,0,0,0,0,0,0,0,0
35988,5831,1,833,17,0,0,0,0,0,0,0,0,0,0
35989,5831,1,833,17,0,0,0,0,0,0,0,0,0,0
35990,5831,1,833,17,0,0,0,0,0,0,0,0,0,0
35991,5831,1,833,17,0,0,0,0,0,0,0,0,0,0
35992,5831,1,833,17,0,0,0,0,0,0,0,0,0,0
35993,5831,1,833,17,0,0,0,0,0,0,0,0,0,0
35994,5831,1,833,17,0,0,0,0,0,0,0,0,0,0
35995,5831,1,833,17,0,0,0,0,0,0,0,0,0,0
35996,5831,1,833,17,0,0,0,0,0,0,0,0,0,0
35997,5831,1,833,17,0,0,0,0,0,0,0,0,0,0
35998,5831,1,833,17,0,0,0,0,0,0,0,0,0,0
35999,5831,1,833,17,0,0,0,0,0,0,0,0,0,0
36000,5831,1,833,17,0,0,0,0,0,0,0,0,0,0
36001,5831,1,833,17,0,0,0,0,0,0,0,0,0,0
36002,5831,1,833,17,0,0,0,0,0,0,0,0,0,0
36003,5831,1,833,17,0,0,0,0,0,0,0,0,0,0
36004,5831,1,833,17,0,0,0,0,0,0,0,0,0,0
36005,5831,1,833,17,0,0,0,0,0,0,0,0,0,0
36006,5831,1,833,17,0,0,0,0,0,0,0,0,0,0
36007,5831,1,833,17,0,0,0,0,0,0,0,0,0,0
36008,5831,1,833,17,0,0,0,0,0,0,0,0,0,0
36009,5831,1,833,17,0,0,0,0,0,0,0,0,0,0
36010,5831,1,833,17,0,0,0,0,0,0,0,0,0,0
36011,5831,0,833,17,0,0,0,0,0,0,0,0,0,0
36012,5831,0,833,17,0,0,0,0,0,0,0,0,0,0
36013,5831,0,833,17,0,0,0,0,0,0,0,0,0,0
36014,5831,0,833,17,0,0,0,0,0,0,0,0,0,0
36015,5830,0,833,17,0,0,0,0,0,0,0,0,0,0
36016,5830,0,833,17,0,0,0,0,0,0,0,0,0,0
36017,5830,1,833,17,0,0,0,0,0,0,0,0,0,0
36018,5830,1,833,17,0,0,0,0,0,0,0,0,0,0
36019,5830,1,833,17,0,0,0,0,0,0,0,0,0,0
36020,5830,1,833,17,0,0,0,0,0,0,0,0,0,0
36021,5830,1,833,17,0,0,0,0,0,0,0,0,0,0
36022,5830,1,833,17,0,0,0,0,0,0,0,0,0,0
36023,5830,1,833,17,0,0,0,0,0,0,0,0,0,0
36024,5830,1,833,17,0,0,0,0,0,0,0,0,0,0
36025,5830,1,833,17,0,0,0,0,0,0,0,0,0,0
36026,5830,1,833,17,0,0,0,0,0,0,0,0,0,0
36027,5830,1,833,17,0,0,0,0,0,0,0,0,0,0
36028,5830,1,833,17,0,0,0,0,0,0,0,0,0,0
36029,5830,1,833,17,0,0,0,0,0,0,0,0,0,0
36030,5830,1,833,17,0,0,0,0,0,0,0,0,0,0
36031,5830,1,833,17,0,0,0,0,0,0,0,0,0,0
36032,5830,1,833,17,0,0,0,0,0,0,0,0,0,0
36033,5830,1,833,17,0,0,0,0,0,0,0,0,0,0
36034,5830,1,833,17,0,0,0,0,0,0,0,0,0,0
36035,5830,1,833,17,0,0,0,0,0,0,0,0,0,0
36036,5830,1,833,17,0,0,0,0,0,0,0,0,0,0
36037,5830,1,833,17,0,0,0,0,0,0,0,0,0,0
36038,5830,1,833,17,0,0,0,0,0,0,0,0,0,0
36039,5830,1,833,17,0,0,0,0,0,0,0,0,0,0
36040,5830,0,833,17,0,0,0,0,0,0,0,0,0,0
36041,5830,0,833,17,0,0,0,0,0,0,0,0,0,0
36042,5830,0,833,17,0,0,0,0,0,0,0,0,0,0
36043,5830,0,833,17,0,0,0,0,0,0,0,0,0,0
36044,5829,0,833,17,0,0,0,0,0,0,0,0,0,0
36045,5829,1,833,17,0,0,0,0,0,0,0,0,0,0
36046,5829,1,833,17,0,0,0,0,0,0,0,0,0,0
36047,5829,1,833,17,0,0,0,0,0,0,0,0,0,0
36048,5829,1,833,17,0,0,0,0,0,0,0,0,0,0
36049,5829,1,833,17,0,0,0,0,0,0,0,0,0,0
36050,5829,1,833,17,0,0,0,0,0,0,0,0,0,0
36051,5829,1,833,17,0,0,0,0,0,0,0,0,0,0
36052,5829,1,833,17,0,0,0,0,0,0,0,0,0,0
36053,5829,1,833,17,0,0,0,0,0,0,0,0,0,0
36054,5829,1,833,17,0,0,0,0,0,0,0,0,0,0
36055,5829,1,833,17,0,0,0,0,0,0,0,0,0,0
36056,5829,1,833,17,0,0,0,0,0,0,0,0,0,0
36057,5829,1,833,17,0,0,0,0,0,0,0,0,0,0
36058,5829,1,833,17,0,0,0,0,0,0,0,0,0,0
36059,5829,1,833,17,0,0,0,0,0,0,0,0,0,0
36060,5829,1,833,17,0,0,0,0,0,0,0,0,0,0
36061,5829,1,833,17,0,0,0,0,0,0,0,0,0,0
36062,5829,1,833,17,0,0,0,0,0,0,0,0,0,0
36063,5829,1,833,17,0,0,0,0,0,0,0,0,0,0
36064,5829,1,833,17,0,0,0,0,0,0,0,0,0,0
36065,5829,1,833,17,0,0,0,0,0,0,0,0,0,0
36066,5829,1,833,17,0,0,0,0,0,0,0,0,0,0
36067,5829,1,833,17,0,0,0,0,0,0,0,0,0,0
36068,5829,1,833,17,0,0,0,0,0,0,0,0,0,0
36069,5829,0,833,17,0,0,0,0,0,0,0,0,0,0
36070,5829,0,833,17,0,0,0,0,0,0,0,0,0,0
36071,5829,0,833,17,0,0,0,0,0,0,0,0,0,0
36072,5829,0,833,17,0,0,0,0,0,0,0,0,0,0
36073,5828,1,833,17,0,0,0,0,0,0,0,0,0,0
36074,5828,1,833,17,0,0,0,0,0,0,0,0,0,0
36075,5828,1,833,17,0,0,0,0,0,0,0,0,0,0
36076,5828,1,833,17,0,0,0,0,0,0,0,0,0,0
36077,5828,1,833,17,0,0,0,0,0,0,0,0,0,0
36078,5828,1,833,17,0,0,0,0,0,0,0,0,0,0
36079,5828,1,833,17,0,0,0,0,0,0,0,0,0,0
36080,5828,1,833,17,0,0,0,0,0,0,0,0,0,0
36081,5828,1,833,17,0,0,0,0,0,0,0,0,0,0
36082,5828,1,833,17,0,0,0,0,0,0,0,0,0,0
36083,5828,1,833,17,0,0,0,0,0,0,0,0,0,0
36084,5828,1,833,17,0,0,0,0,0,0,0,0,0,0
36085,5828,1,833,17,0,0,0,0,0,0,0,0,0,0
36086,5828,1,833,17,0,0,0,0,0,0,0,0,0,0
36087,5828,1,833,17,0,0,0,0,0,0,0,0,0,0
36088,5828,1,833,17,0,0,0,0,0,0,0,0,0,0
36089,5828,1,833,17,0,0,0,0,0,0,0,0,0,0
36090,5828,1,833,17,0,0,0,0,0,0,0,0,0,0
36091,5828,1,833,17,0,0,0,0,0,0,0,0,0,0
36092,5828,1,833,17,0,0,0,0,0,0,0,0,0,0
36093,5828,1,833,17,0,0,0,0,0,0,0,0,0,0
36094,5828,1,833,17,0,0,0,0,0,0,0,0,0,0
36095,5828,1,833,17,0,0,0,0,0,0,0,0,0,0
36096,5828,1,833,17,0,0,0,0,0,0,0,0,0,0
36097,5828,1,833,17,0,0,0,0,0,0,0,0,0,0
36098,5828,0,833,17,0,0,0,0,0,0,0,0,0,0
36099,5828,0,833,17,0,0,0,0,0,0,0,0,0,0
36100,5828,0,833,17,0,0,0,0,0,0,0,0,0,0
36101,5828,0,833,17,0,0,0,0,0,0,0,0,0,0
36102,5827,0,833,17,0,0,0,0,0,0,0,0,0,0
36103,5827,1,833,17,0,0,0,0,0,0,0,0,0,0
36104,5827,1,833,17,0,0,0,0,0,0,0,0,0,0
36105,5827,1,833,17,0,0,0,0,0,0,0,0,0,0
36106,5827,1,833,17,0,0,0,0,0,0,0,0,0,0
36107,5827,1,833,17,0,0,0,0,0,0,0,0,0,0
36108,5827,1,833,17,0,0,0,0,0,0,0,0,0,0
36109,5827,1,833,17,0,0,0,0,0,0,0,0,0,0
36110,5827,1,833,17,0,0,0,0,0,0,0,0,0,0
36111,5827,1,833,17,0,0,0,0,0,0,0,0,0,0
36112,5827,1,833,17,0,0,0,0,0,0,0,0,0,0
36113,5827,1,833,17,0,0,0,0,0,0,0,0,0,0
36114,5827,1,833,17,0,0,0,0,0,0,0,0,0,0
36115,5827,1,833,17,0,0,0,0,0,0,0,0,0,0
36116,5827,1,833,17,0,0,0,0,0,0,0,0,0,0
36117,5827,1,833,17,0,0,0,0,0,0,0,0,0,0
36118,5827,1,833,17,0,0,0,0,0,0,0,0,0,0
36119,5827,1,833,17,0,0,0,0,0,0,0,0,0,0
36120,5827,1,833,17,0,0,0,0,0,0,0,0,0,0
36121,5827,1,833,17,0,0,0,0,0,0,0,0,0,0
36122,5827,1,833,17,0,0,0,0,0,0,0,0,0,0
36123,5827,1,833,17,0,0,0,0,0,0,0,0,0,0
36124,5827,1,833,17,0,0,0,0,0,0,0,0,0,0
36125,5827,1,833,17,0,0,0,0,0,0,0,0,0,0
36126,5827,1,833,17,0,0,0,0,0,0,0,0,0,0
36127,5827,0,833,17,0,0,0,0,0,0,0,0,0,0
36128,5827,0,833,17,0,0,0,0,0,0,0,0,0,0
36129,5827,0,833,17,0,0,0,0,0,0,0,0,0,0
36130,5827,0,833,17,0,0,0,0,0,0,0,0,0,0
36131,5826,0,833,17,0,0,0,0,0,0,0,0,0,0
36132,5826,1,833,17,0,0,0,0,0,0,0,0,0,0
36133,5826,1,833,17,0,0,0,0,0,0,0,0,0,0
36134,5826,1,833,17,0,0,0,0,0,0,0,0,0,0
36135,5826,1,833,17,0,0,0,0,0,0,0,0,0,0
36136,5826,1,833,17,0,0,0,0,0,0,0,0,0,0
36137,5826,1,833,17,0,0,0,0,0,0,0,0,0,0
36138,5826,1,833,17,0,0,0,0,0,0,0,0,0,0
36139,5826,1,833,17,0,0,0,0,0,0,0,0,0,0
36140,5826,1,833,17,0,0,0,0,0,0,0,0,0,0
36141,5826,1,833,17,0,0,0,0,0,0,0,0,0,0
36142,5826,1,833,17,0,0,0,0,0,0,0,0,0,0
36143,5826,1,833,17,0,0,0,0,0,0,0,0,0,0
36144,5826,1,833,17,0,0,0,0,0,0,0,0,0,0
36145,5826,1,833,17,0,0,0,0,0,0,0,0,0,0
36146,5826,1,833,17,0,0,0,0,0,0,0,0,0,0
36147,5826,1,833,17,0,0,0,0,0,0,0,0,0,0
36148,5826,1,833,17,0,0,0,0,0,0,0,0,0,0
36149,5826,1,833,17,0,0,0,0,0,0,0,0,0,0
36150,5826,1,833,17,0,0,0,0,0,0,0,0,0,0
36151,5826,1,833,17,0,0,0,0,0,0,0,0,0,0
36152,5826,1,833,17,0,0,0,0,0,0,0,0,0,0
36153,5826,1,833,17,0,0,0,0,0,0,0,0,0,0
36154,5826,1,833,17,0,0,0,0,0,0,0,0,0,0
36155,5826,1,833,17,0,0,0,0,0,0,0,0,0,0
36156,5826,0,833,17,0,0,0,0,0,0,0,0,0,0
36157,5826,0,833,17,0,0,0,0,0,0,0,0,0,0
36158,5826,0,833,17,0,0,0,0,0,0,0,0,0,0
36159,5826,0,833,17,0,0,0,0,0,0,0,0,0,0
36160,5825,0,833,17,0,0,0,0,0,0,0,0,0,0
36161,5825,0,833,17,0,0,0,0,0,0,0,0,0,0
36162,5825,1,833,17,0,0,0,0,0,0,0,0,0,0
36163,5825,1,833,17,0,0,0,0,0,0,0,0,0,0
36164,5825,1,833,17,0,0,0,0,0,0,0,0,0,0
36165,5825,1,833,17,0,0,0,0,0,0,0,0,0,0
36166,5825,1,833,17,0,0,0,0,0,0,0,0,0,0
36167,5825,1,833,17,0,0,0,0,0,0,0,0,0,0
36168,5825,1,833,17,0,0,0,0,0,0,0,0,0,0
36169,5825,1,833,17,0,0,0,0,0,0,0,0,0,0
36170,5825,1,833,17,0,0,0,0,0,0,0,0,0,0
36171,5825,1,833,17,0,0,0,0,0,0,0,0,0,0
36172,5825,1,833,17,0,0,0,0,0,0,0,0,0,0
36173,5825,1,833,17,0,0,0,0,0,0,0,0,0,0
36174,5825,1,833,17,0,0,0,0,0,0,0,0,0,0
36175,5825,1,833,17,0,0,0,0,0,0,0,0,0,0
36176,5825,1,833,17,0,0,0,0,0,0,0,0,0,0
36177,5825,1,833,17,0,0,0,0,0,0,0,0,0,0
36178,5825,1,833,17,0,0,0,0,0,0,0,0,0,0
36179,5825,1,833,17,0,0,0,0,0,0,0,0,0,0
36180,5825,1,833,17,0,0,0,0,0,0,0,0,0,0
36181,5825,1,833,17,0,0,0,0,0,0,0,0,0,0
36182,5825,1,833,17,0,0,0,0,0,0,0,0,0,0
36183,5825,0,833,17,0,0,0,0,0,0,0,0,0,0
36184,5825,0,833,17,0,0,0,0,0,0,0,0,0,0
36185,5825,0,833,17,0,0,0,0,0,0,0,0,0,0
36186,5825,0,833,17,0,0,0,0,0,0,0,0,0,0
36187,5824,0,833,17,0,0,0,0,0,0,0,0,0,0
36188,5824,0,833,17,0,0,0,0,0,0,0,0,0,0
36189,5824,1,833,17,0,0,0,0,0,0,0,0,0,0
36190,5824,1,833,17,0,0,0,0,0,0,0,0,0,0
36191,5824,1,833,17,0,0,0,0,0,0,0,0,0,0
36192,5824,1,833,17,0,0,0,0,0,0,0,0,0,0
36193,5824,1,833,17,0,0,0,0,0,0,0,0,0,0
36194,5824,1,833,17,0,0,0,0,0,0,0,0,0,0
36195,5824,1,833,17,0,0,0,0,0,0,0,0,0,0
36196,5824,1,833,17,0,0,0,0,0,0,0,0,0,0
36197,5824,1,833,17,0,0,0,0,0,0,0,0,0,0
36198,5824,1,833,17,0,0,0,0,0,0,0,0,0,0
36199,5824,1,833,17,0,0,0,0,0,0,0,0,0,0
36200,5824,1,833,17,0,0,0,0,0,0,0,0,0,0
36201,5824,1,833,17,0,0,0,0,0,0,0,0,0,0
36202,5824,1,833,17,0,0,0,0,0,0,0,0,0,0
36203,5824,1,833,17,0,0,0,0,0,0,0,0,0,0
36204,5824,1,833,17,0,0,0,0,0,0,0,0,0,0
36205,5824,1,833,17,0,0,0,0,0,0,0,0,0,0
36206,5824,1,833,17,0,0,0,0,0,0,0,0,0,0
36207,5824,0,833,17,0,0,0,0,0,0,0,0,0,0
36208,5824,0,833,17,0,0,0,0,0,0,0,0,0,0
36209,5824,0,833,17,0,0,0,0,0,0,0,0,0,0
36210,5824,0,833,17,0,0,0,0,0,0,0,0,0,0
36211,5824,0,833,17,0,0,0,0,0,0,0,0,0,0
36212,5824,0,833,17,0,0,0,0,0,0,0,0,0,0
36213,5823,0,833,17,0,0,0,0,0,0,0,0,0,0
36214,5823,1,833,17,0,0,0,0,0,0,0,0,0,0
36215,5823,1,833,17,0,0,0,0,0,0,0,0,0,0
36216,5823,1,833,17,0,0,0,0,0,0,0,0,0,0
36217,5823,1,833,17,0,0,0,0,0,0,0,0,0,0
36218,5823,1,833,17,0,0,0,0,0,0,0,0,0,0
36219,5823,1,833,17,0,0,0,0,0,0,0,0,0,0
36220,5823,1,833,17,0,0,0,0,0,0,0,0,0,0
36221,5823,1,833,17,0,0,0,0,0,0,0,0,0,0
36222,5823,1,833,17,0,0,0,0,0,0,0,0,0,0
36223,5823,1,833,17,0,0,0,0,0,0,0,0,0,0
36224,5823,1,833,17,0,0,0,0,0,0,0,0,0,0
36225,5823,1,833,17,0,0,0,0,0,0,0,0,0,0
36226,5823,1,833,17,0,0,0,0,0,0,0,0,0,0
36227,5823,1,833,17,0,0,0,0,0,0,0,0,0,0
36228,5823,1,833,17,0,0,0,0,0,0,0,0,0,0
36229,5823,1,833,17,0,0,0,0,0,0,0,0,0,0
36230,5823,0,833,17,0,0,0,0,0,0,0,0,0,0
36231,5823,0,833,17,0,0,0,0,0,0,0,0,0,0
36232,5823,0,833,17,0,0,0,0,0,0,0,0,0,0
36233,5823,0,833,17,0,0,0,0,0,0,0,0,0,0
36234,5823,0,833,17,0,0,0,0,0,0,0,0,0,0
36235,5822,0,833,17,0,0,0,0,0,0,0,0,0,0
36236,5822,1,833,17,0,0,0,0,0,0,0,0,0,0
36237,5822,1,833,17,0,0,0,0,0,0,0,0,0,0
36238,5822,1,833,17,0,0,0,0,0,0,0,0,0,0
36239,5822,1,833,17,0,0,0,0,0,0,0,0,0,0
36240,5822,1,833,17,0,0,0,0,0,0,0,0,0,0
36241,5822,1,833,17,0,0,0,0,0,0,0,0,0,0
36242,5822,1,833,17,0,0,0,0,0,0,0,0,0,0
36243,5822,1,833,17,0,0,0,0,0,0,0,0,0,0
36244,5822,1,833,17,0,0,0,0,0,0,0,0,0,0
36245,5822,1,833,17,0,0,0,0,0,0,0,0,0,0
36246,5822,1,833,17,0,0,0,0,0,0,0,0,0,0
36247,5822,1,833,17,0,0,0,0,0,0,0,0,0,0
36248,5822,1,833,17,0,0,0,0,0,0,0,0,0,0
36249,5822,1,833,17,0,0,0,0,0,0,0,0,0,0
36250,5822,0,833,17,0,0,0,0,0,0,0,0,0,0
36251,5822,0,833,17,0,0,0,0,0,0,0,0,0,0
36252,5822,0,833,17,0,0,0,0,0,0,0,0,0,0
36253,5822,0,833,17,0,0,0,0,0,0,0,0,0,0
36254,5822,0,833,17,0,0,0,0,0,0,0,0,0,0
36255,5822,0,833,17,0,0,0,0,0,0,0,0,0,0
36256,5822,0,833,17,0,0,0,0,0,0,0,0,0,0
36257,5821,0,833,17,0,0,0,0,0,0,0,0,0,0
36258,5821,0,833,17,0,0,0,0,0,0,0,0,0,0
36259,5821,1,833,17,0,0,0,0,0,0,0,0,0,0
36260,5821,1,833,17,0,0,0,0,0,0,0,0,0,0
36261,5821,1,833,17,0,0,0,0,0,0,0,0,0,0
36262,5821,1,833,17,0,0,0,0,0,0,0,0,0,0
36263,5821,1,833,17,0,0,0,0,0,0,0,0,0,0
36264,5821,1,833,17,0,0,0,0,0,0,0,0,0,0
36265,5821,1,833,17,0,0,0,0,0,0,0,0,0,0
36266,5821,1,833,17,0,0,0,0,0,0,0,0,0,0
36267,5821,1,833,17,0,0,0,0,0,0,0,0,0,0
36268,5821,1,833,17,0,0,0,0,0,0,0,0,0,0
36269,5821,1,833,17,0,0,0,0,0,0,0,0,0,0
36270,5821,1,833,17,0,0,0,0,0,0,0,0,0,0
36271,5821,0,833,17,0,0,0,0,0,0,0,0,0,0
36272,5821,0,833,17,0,0,0,0,0,0,0,0,0,0
36273,5821,0,833,17,0,0,0,0,0,0,0,0,0,0
36274,5821,0,833,17,0,0,0,0,0,0,0,0,0,0
36275,5821,0,833,17,0,0,0,0,0,0,0,0,0,0
36276,5821,0,833,17,0,0,0,0,0,0,0,0,0,0
36277,5821,0,833,17,0,0,0,0,0,0,0,0,0,0
36278,5820,0,833,17,0,0,0,0,0,0,0,0,0,0
36279,5820,1,833,17,0,0,0,0,0,0,0,0,0,0
36280,5820,1,833,17,0,0,0,0,0,0,0,0,0,0
36281,5820,1,833,17,0,0,0,0,0,0,0,0,0,0
36282,5820,1,833,17,0,0,0,0,0,0,0,0,0,0
36283,5820,1,833,17,0,0,0,0,0,0,0,0,0,0
36284,5820,1,833,17,0,0,0,0,0,0,0,0,0,0
36285,5820,1,833,17,0,0,0,0,0,0,0,0,0,0
36286,5820,1,833,17,0,0,0,0,0,0,0,0,0,0
36287,5820,1,833,17,0,0,0,0,0,0,0,0,0,0
36288,5820,0,833,17,0,0,0,0,0,0,0,0,0,0
36289,5820,0,833,17,0,0,0,0,0,0,0,0,0,0
36290,5820,0,833,17,0,0,0,0,0,0,0,0,0,0
36291,5820,0,833,17,0,0,0,0,0,0,0,0,0,0
36292,5820,0,833,17,0,0,0,0,0,0,0,0,0,0
36293,5820,0,833,17,0,0,0,0,0,0,0,0,0,0
36294,5820,0,833,17,0,0,0,0,0,0,0,0,0,0
36295,5820,0,833,17,0,0,0,0,0,0,0,0,0,0
36296,5820,0,833,17,0,0,0,0,0,0,0,0,0,0
36297,5819,0,833,17,0,0,0,0,0,0,0,0,0,0
36298,5819,1,833,17,0,0,0,0,0,0,0,0,0,0
36299,5819,1,833,17,0,0,0,0,0,0,0,0,0,0
36300,5819,1,833,17,0,0,0,0,0,0,0,0,0,0
36301,5819,1,833,17,0,0,0,0,0,0,0,0,0,0
36302,5819,1,833,17,0,0,0,0,0,0,0,0,0,0
36303,5819,1,833,17,0,0,0,0,0,0,0,0,0,0
36304,5819,1,833,17,0,0,0,0,0,0,0,0,0,0
36305,5819,1,833,17,0,0,0,0,0,0,0,0,0,0
36306,5819,0,833,17,0,0,0,0,0,0,0,0,0,0
36307,5819,0,833,17,0,0,0,0,0,0,0,0,0,0
36308,5819,0,833,17,0,0,0,0,0,0,0,0,0,0
36309,5819,0,833,17,0,0,0,0,0,0,0,0,0,0
36310,5819,0,833,17,0,0,0,0,0,0,0,0,0,0
36311,5819,0,833,17,0,0,0,0,0,0,0,0,0,0
36312,5819,0,833,17,0,0,0,0,0,0,0,0,0,0
36313,5819,0,833,17,0,0,0,0,0,0,0,0,0,0
36314,5819,0,833,17,0,0,0,0,0,0,0,0,0,0
36315,5819,0,833,17,0,0,0,0,0,0,0,0,0,0
36316,5818,0,833,17,0,0,0,0,0,0,0,0,0,0
36317,5818,1,833,17,0,0,0,0,0,0,0,0,0,0
36318,5818,1,833,17,0,0,0,0,0,0,0,0,0,0
36319,5818,1,833,17,0,0,0,0,0,0,0,0,0,0
36320,5818,1,833,17,0,0,0,0,0,0,0,0,0,0
36321,5818,1,833,17,0,0,0,0,0,0,0,0,0,0
36322,5818,1,833,17,0,0,0,0,0,0,0,0,0,0
36323,5818,1,833,17,0,0,0,0,0,0,0,0,0,0
36324,5818,0,833,17,0,0,0,0,0,0,0,0,0,0
36325,5818,0,833,17,0,0,0,0,0,0,0,0,0,0
36326,5818,0,833,17,0,0,0,0,0,0,0,0,0,0
36327,5818,0,833,17,0,0,0,0,0,0,0,0,0,0
36328,5818,0,833,17,0,0,0,0,0,0,0,0,0,0
36329,5818,0,833,17,0,0,0,0,0,0,0,0,0,0
36330,5818,0,833,17,0,0,0,0,0,0,0,0,0,0
36331,5818,0,833,17,0,0,0,0,0,0,0,0,0,0
36332,5818,0,833,17,0,0,0,0,0,0,0,0,0,0
36333,5818,0,833,17,0,0,0,0,0,0,0,0,0,0
36334,5817,0,833,17,0,0,0,0,0,0,0,0,0,0
36335,5817,1,833,17,0,0,0,0,0,0,0,0,0,0
36336,5817,1,833,17,0,0,0,0,0,0,0,0,0,0
36337,5817,1,833,17,0,0,0,0,0,0,0,0,0,0
36338,5817,1,833,17,0,0,0,0,0,0,0,0,0,0
36339,5817,1,833,17,0,0,0,0,0,0,0,0,0,0
36340,5817,1,833,17,0,0,0,0,0,0,0,0,0,0
36341,5817,1,833,17,0,0,0,0,0,0,0,0,0,0
36342,5817,0,833,17,0,0,0,0,0,0,0,0,0,0
36343,5817,0,833,17,0,0,0,0,0,0,0,0,0,0
36344,5817,0,833,17,0,0,0,0,0,0,0,0,0,0
36345,5817,0,833,17,0,0,0,0,0,0,0,0,0,0
36346,5817,0,833,17,0,0,0,0,0,0,0,0,0,0
36347,5817,0,833,17,0,0,0,0,0,0,0,0,0,0
36348,5817,0,833,17,0,0,0,0,0,0,0,0,0,0
36349,5817,0,833,17,0,0,0,0,0,0,0,0,0,0
36350,5817,0,833,17,0,0,0,0,0,0,0,0,0,0
36351,5817,0,833,17,0,0,0,0,0,0,0,0,0,0
36352,5816,0,833,17,0,0,0,0,0,0,0,0,0,0
36353,5816,1,833,17,0,0,0,0,0,0,0,0,0,0
36354,5816,1,833,17,0,0,0,0,0,0,0,0,0,0
36355,5816,1,833,17,0,0,0,0,0,0,0,0,0,0
36356,5816,1,833,17,0,0,0,0,0,0,0,0,0,0
36357,5816,1,833,17,0,0,0,0,0,0,0,0,0,0
36358,5816,1,833,17,0,0,0,0,0,0,0,0,0,0
36359,5816,1,833,17,0,0,0,0,0,0,0,0,0,0
36360,5816,0,833,17,0,0,0,0,0,0,0,0,0,0
36361,5816,0,833,17,0,0,0,0,0,0,0,0,0,0
36362,5816,0,833,17,0,0,0,0,0,0,0,0,0,0
36363,5816,0,833,17,0,0,0,0,0,0,0,0,0,0
36364,5816,0,833,17,0,0,0,0,0,0,0,0,0,0
36365,5816,0,833,17,0,0,0,0,0,0,0,0,0,0
36366,5816,0,833,17,0,0,0,0,0,0,0,0,0,0
36367,5815,0,833,17,0,0,0,0,0,0,0,0,0,0
36368,5815,1,833,17,0,0,0,0,0,0,0,0,0,0
36369,5815,1,833,17,0,0,0,0,0,0,0,0,0,0
36370,5815,1,833,17,0,0,0,0,0,0,0,0,0,0
36371,5815,1,833,17,0,0,0,0,0,0,0,0,0,0
36372,5815,1,833,17,0,0,0,0,0,0,0,0,0,0
36373,5815,1,833,17,0,0,0,0,0,0,0,0,0,0
36374,5815,0,833,17,0,0,0,0,0,0,0,0,0,0
36375,5815,0,833,17,0,0,0,0,0,0,0,0,0,0
36376,5815,0,833,17,0,0,0,0,0,0,0,0,0,0
36377,5815,0,833,17,0,0,0,0,0,0,0,0,0,0
36378,5815,0,833,17,0,0,0,0,0,0,0,0,0,0
36379,5815,0,833,17,0,0,0,0,0,0,0,0,0,0
36380,5709,0,832,17,0,0,0,0,0,0,0,0,0,0
36381,5710,0,832,17,0,0,0,0,0,0,0,0,0,0
36382,5711,0,832,17,0,0,0,0,0,0,0,0,0,0
36383,5712,0,832,17,0,0,0,0,0,0,0,0,0,0
36384,5713,0,832,17,0,0,0,0,0,0,0,0,0,0
36385,5708,0,832,17,0,0,0,0,0,0,0,0,0,0
36386,5709,0,832,17,0,0,0,0,0,0,0,0,0,0
36387,5710,0,832,17,0,0,0,0,0,0,0,0,0,0
36388,5711,0,832,17,0,0,0,0,0,0,0,0,0,0
36389,5712,0,832,17,0,0,0,0,0,0,0,0,0,0
36390,5713,0,832,17,0,0,0,0,0,0,0,0,0,0
36391,5715,0,832,17,0,0,0,0,0,0,0,0,0,0
36392,5686,1,832,17,0,0,0,0,0,0,0,0,0,0
36393,5687,1,832,17,0,0,0,0,0,0,0,0,0,0
36394,5688,1,832,17,0,0,0,0,2,1,0,0,0,0
36395,5689,1,832,17,0,0,0,0,0,0,0,0,0,0
36396,5707,0,832,17,0,0,0,0,0,0,0,0,0,0
36397,5708,0,832,17,0,0,0,0,0,0,0,0,0,0
36398,5709,0,832,17,0,0,0,0,0,0,0,0,0,0
36399,5710,0,832,17,0,0,0,0,0,0,0,0,0,0
36400,5711,0,832,17,0,0,0,0,0,0,0,0,0,0
36401,5712,0,832,17,0,0,0,0,0,0,0,0,0,0
36402,5713,0,832,17,0,0,0,0,0,0,0,0,0,0
36403,5715,0,832,17,0,0,0,0,0,0,0,0,0,0
36404,5685,1,832,17,0,0,0,0,0,0,0,0,0,0
36405,5686,1,832,17,0,0,0,0,0,0,0,0,0,0
36406,5687,1,832,17,0,0,0,0,0,0,0,0,0,0
36407,5688,1,832,17,0,0,0,0,41,2,0,0,0,0
36408,5689,1,832,17,0,0,0,0,4,2,0,0,0,0
36409,5691,1,832,17,0,0,0,0,0,0,0,0,0,0
36410,5692,1,832,17,0,0,0,0,0,0,0,0,0,0
36411,5707,0,832,17,0,0,0,0,0,0,0,0,0,0
36412,5708,0,832,17,0,0,0,0,0,0,0,0,0,0
36413,5709,0,832,17,0,0,0,0,0,0,0,0,0,0
36414,5710,0,832,17,0,0,0,0,0,0,0,0,0,0
36415,5711,0,832,17,0,0,0,0,0,0,0,0,0,0
36416,5712,0,832,17,0,0,0,0,35,1,0,0,0,0
36417,5713,0,832,17,0,0,0,0,0,0,0,0,0,0
36418,5715,0,832,17,0,0,0,0,0,0,0,0,0,0
36419,5734,1,832,17,0,0,0,0,0,0,0,0,0,0
36420,5734,1,832,17,0,0,0,0,0,0,0,0,0,0
36421,5685,1,832,17,0,0,0,0,8,2,0,0,0,0
36422,5686,1,832,17,0,0,0,0,0,0,0,0,0,0
36423,5687,1,832,17,0,0,0,0,0,0,0,0,0,0
36424,5688,1,832,17,0,0,0,0,0,0,0,0,0,0
36425,5689,1,832,17,0,0,0,0,0,0,0,0,0,0
36426,5690,1,832,17,0,0,0,0,0,0,0,0,0,0
36427,5691,1,832,17,0,0,0,0,0,0,0,0,0,0
36428,5692,1,832,17,0,0,0,0,0,0,0,0,0,0
36429,5707,0,832,17,0,0,0,0,0,0,0,0,0,0
36430,5708,0,832,17,0,0,0,0,0,0,0,0,0,0
36431,5709,0,832,17,0,0,0,0,0,0,0,0,0,0
36432,5710,0,832,17,0,0,0,0,0,0,0,0,0,0
36433,5711,0,832,17,0,0,0,0,0,0,0,0,0,0
36434,5712,0,832,17,0,0,0,0,30,1,0,0,0,0
36435,5713,0,832,17,0,0,0,0,0,0,0,0,0,0
36436,5715,0,832,17,0,0,0,0,1,1,0,0,0,0
36437,5716,1,832,17,0,0,0,0,0,0,0,0,0,0
36438,5716,1,832,17,0,0,0,0,150,1,0,0,0,0
36439,5685,1,832,17,0,0,0,0,7,3,0,0,0,0
36440,5686,1,832,17,0,0,0,0,207,2,0,0,0,0
36441,5687,1,832,17,0,0,0,0,658,1,0,0,0,0
36442,5688,1,832,17,0,0,0,0,5,2,0,0,0,0
36443,5689,1,832,17,0,0,0,0,47,2,0,0,0,0
36444,5690,1,832,17,0,0,0,0,1,1,0,0,0,0
36445,5691,1,832,17,0,0,0,0,45,3,0,0,0,0
36446,5692,1,832,17,0,0,0,0,0,0,0,0,0,0
36447,5693,1,832,17,0,0,0,0,0,0,0,0,0,0
36448,5705,0,832,17,0,0,0,0,0,0,0,0,0,0
36449,5707,0,832,17,0,0,0,0,0,0,0,0,0,0
36450,5708,0,832,17,0,0,0,0,18,1,0,0,0,0
36451,5709,0,832,17,0,0,0,0,0,0,0,0,0,0
36452,5710,0,832,17,0,0,0,0,0,0,0,0,0,0
36453,5711,0,832,17,0,0,0,0,0,0,0,0,0,0
36454,5712,0,832,17,0,0,0,0,0,0,0,0,0,0
36455,5713,0,832,17,0,0,0,0,0,0,0,0,0,0
36456,5715,0,832,17,0,0,0,0,0,0,0,0,0,0
36457,5717,1,832,17,0,0,0,0,0,0,0,0,0,0
36458,5717,1,832,17,0,0,0,0,0,0,0,0,0,0
36459,5717,1,832,17,0,0,0,0,4,1,0,0,0,0
36460,5685,1,832,17,0,0,0,0,0,0,0,0,0,0
36461,5686,1,832,17,0,0,0,0,1,1,0,0,0,0
36462,5687,1,832,17,0,0,0,0,790,4,0,0,0,0
36463,5688,1,832,17,0,0,0,0,548,3,0,0,0,0
36464,5689,1,832,17,0,0,0,0,41,5,0,0,0,0
36465,5690,1,832,17,0,0,0,0,1295,1,0,0,0,0
36466,5691,1,832,17,6,1,0,0,68,3,0,0,0,0
36467,5692,1,832,17,0,0,0,0,44,1,0,0,0,0
36468,5693,1,832,17,0,0,0,0,1,1,0,0,0,0
36469,5705,0,832,17,0,0,0,0,0,0,0,0,0,0
36470,5707,0,832,17,0,0,0,0,0,0,0,0,0,0
36471,5708,0,832,17,0,0,0,0,16,1,0,0,0,0
36472,5709,0,832,17,0,0,0,0,0,0,0,0,0,0
36473,5710,0,832,17,0,0,0,0,0,0,0,0,0,0
36474,5711,0,832,17,0,0,0,0,0,0,0,0,0,0
36475,5712,0,832,17,0,0,0,0,0,0,0,0,0,0
36476,5713,0,832,17,0,0,0,0,0,0,0,0,0,0
36477,5715,0,832,17,0,0,0,0,0,0,0,0,0,0
36478,5718,1,832,17,0,0,0,0,0,0,0,0,0,0
36479,5718,1,832,17,0,0,0,0,1,1,0,0,0,0
36480,5718,1,832,17,0,0,0,0,0,0,0,0,0,0
36481,5718,1,832,17,0,0,0,0,0,0,0,0,0,0
36482,5685,1,832,17,0,0,0,0,10,3,0,0,0,0
36483,5686,1,832,17,0,0,0,0,12,5,0,0,0,0
36484,5687,1,832,17,0,0,0,0,12,2,0,0,0,0
36485,5688,1,832,17,0,0,0,0,18,3,0,0,0,0
36486,5689,1,832,17,26,2,0,0,173,5,0,0,0,0
36487,5690,1,832,17,0,0,0,0,201,2,0,0,0,0
36488,5691,1,832,17,0,0,0,0,222,4,0,0,0,0
36489,5692,1,832,17,0,0,0,0,38,2,0,0,0,0
36490,5693,1,832,17,0,0,0,0,40,5,0,0,0,0
36491,5706,0,832,17,0,0,0,0,0,0,0,0,0,0
36492,5707,0,832,17,0,0,0,0,0,0,0,0,0,0
36493,5708,0,832,17,0,0,0,0,0,0,0,0,0,0
36494,5709,0,832,17,0,0,0,0,0,0,0,0,0,0
36495,5710,0,832,17,0,0,0,0,0,0,0,0,0,0
36496,5711,0,832,17,0,0,0,0,0,0,0,0,0,0
36497,5712,0,832,17,0,0,0,0,0,0,0,0,0,0
36498,5713,0,832,17,0,0,0,0,0,0,0,0,0,0
36499,5715,0,832,17,0,0,0,0,0,0,0,0,0,0
36500,5714,0,832,17,0,0,0,0,0,0,0,0,0,0
36501,5719,1,832,17,0,0,0,0,0,0,0,0,0,0
36502,5719,1,832,17,0,0,0,0,0,0,0,0,0,0
36503,5719,1,832,17,0,0,0,0,0,0,0,0,0,0
36504,5719,1,832,17,0,0,0,0,0,0,0,0,0,0
36505,5719,1,832,17,0,0,0,0,0,0,0,0,0,0
36506,5685,1,832,17,0,0,0,0,0,0,0,0,0,0
36507,5686,1,832,17,0,0,0,0,0,0,0,0,0,0
36508,5687,1,832,17,0,0,0,0,813,3,0,0,0,0
36509,5688,1,832,17,0,0,0,0,11,2,0,0,0,0
36510,5689,1,832,17,0,0,0,0,19,3,0,0,0,0
36511,5690,1,832,17,24,1,0,0,12,2,0,0,0,0
36512,5691,1,832,17,0,0,0,0,0,0,0,0,0,0
36513,5692,1,832,17,0,0,0,0,0,0,0,0,0,0
36514,5693,1,832,17,0,0,0,0,41,2,0,0,0,0
36515,5694,1,832,17,0,0,0,0,41,4,0,0,0,0
36516,5695,1,832,17,0,0,0,0,0,0,0,0,0,0
36517,5706,0,832,17,0,0,0,0,0,0,0,0,0,0
36518,5707,0,832,17,0,0,0,0,0,0,0,0,0,0
36519,5708,0,832,17,0,0,0,0,0,0,0,0,0,0
36520,5709,0,832,17,0,0,0,0,0,0,0,0,0,0
36521,5710,0,832,17,0,0,0,0,0,0,0,0,0,0
36522,5711,0,832,17,0,0,0,0,0,0,0,0,0,0
36523,5712,0,832,17,0,0,0,0,0,0,0,0,0,0
36524,5713,0,832,17,0,0,0,0,0,0,0,0,0,0
36525,5715,0,832,17,0,0,0,0,0,0,0,0,0,0
36526,5714,0,832,17,0,0,0,0,0,0,0,0,0,0
36527,5720,1,832,17,0,0,0,0,0,0,0,0,0,0
36528,5720,1,832,17,0,0,0,0,0,0,0,0,0,0
36529,5720,1,832,17,0,0,0,0,0,0,0,0,0,0
36530,5720,1,832,17,0,0,0,0,0,0,0,0,0,0
36531,5720,1,832,17,0,0,0,0,0,0,0,0,0,0
36532,5720,1,832,17,0,0,0,0,0,0,0,0,0,0
36533,5685,1,832,17,0,0,0,0,0,0,0,0,0,0
36534,5686,1,832,17,0,0,0,0,1,1,0,0,0,0
36535,5687,1,832,17,0,0,0,0,2,1,0,0,0,0
36536,5688,1,832,17,0,0,0,0,3,2,0,0,0,0
36537,5689,1,832,17,0,0,0,0,3,2,0,0,0,0
36538,5690,1,832,17,12,1,0,0,0,0,0,0,0,0
36539,5691,1,832,17,0,0,0,0,23,4,0,0,0,0
36540,5692,1,832,17,5,2,0,0,24,5,0,0,0,0
36541,5693,1,832,17,0,0,0,0,0,0,0,0,0,0
36542,5694,1,832,17,0,0,0,0,4,1,0,0,0,0
36543,5695,0,832,17,0,0,0,0,4,1,0,0,0,0
36544,5696,0,832,17,0,0,0,0,0,0,0,0,0,0
36545,5697,0,832,17,0,0,0,0,0,0,0,0,0,0
36546,5705,0,832,17,0,0,0,0,0,0,0,0,0,0
36547,5706,0,832,17,0,0,0,0,0,0,0,0,0,0
36548,5707,0,832,17,0,0,0,0,0,0,0,0,0,0
36549,5708,0,832,17,0,0,0,0,0,0,0,0,0,0
36550,5709,0,832,17,0,0,0,0,0,0,0,0,0,0
36551,5710,0,832,17,0,0,0,0,0,0,0,0,0,0
36552,5711,0,832,17,0,0,0,0,0,0,0,0,0,0
36553,5712,0,832,17,0,0,0,0,0,0,0,0,0,0
36554,5713,0,832,17,0,0,0,0,0,0,0,0,0,0
36555,5715,0,832,17,0,0,0,0,0,0,0,0,0,0
36556,5714,0,832,17,0,0,0,0,0,0,0,0,0,0
36557,5721,1,832,17,0,0,0,0,0,0,0,0,0,0
36558,5721,1,832,17,0,0,0,0,0,0,0,0,0,0
36559,5721,1,832,17,0,0,0,0,0,0,0,0,0,0
36560,5721,1,832,17,0,0,0,0,311,1,0,0,0,0
36561,5721,1,832,17,0,0,0,0,0,0,0,0,0,0
36562,5721,1,832,17,0,0,0,0,1,1,0,0,0,0
36563,5721,1,832,17,0,0,0,0,0,0,0,0,0,0
36564,5685,1,832,17,0,0,0,0,0,0,0,0,0,0
36565,5686,1,832,17,0,0,0,0,0,0,0,0,0,0
36566,5687,1,832,17,0,0,0,0,2,1,0,0,0,0
36567,5688,1,832,17,0,0,0,0,0,0,0,0,0,0
36568,5689,1,832,17,0,0,0,0,0,0,0,0,0,0
36569,5690,1,832,17,0,0,0,0,0,0,0,0,0,0
36570,5691,1,832,17,0,0,0,0,5,3,0,0,0,0
36571,5692,1,832,17,70,2,0,0,3,3,0,0,0,0
36572,5693,1,832,17,10,1,0,0,65,6,0,0,0,0
36573,5694,1,832,17,0,0,0,0,2,1,0,0,0,0
36574,5695,0,832,17,0,0,0,0,0,0,0,0,0,0
36575,5696,0,832,17,0,0,0,0,0,0,0,0,0,0
36576,5697,0,832,17,0,0,0,0,0,0,0,0,0,0
36577,5698,0,832,17,0,0,0,0,0,0,0,0,0,0
36578,5699,0,832,17,0,0,0,0,0,0,0,0,0,0
36579,5700,0,832,17,0,0,0,0,0,0,0,0,0,0
36580,5701,0,832,17,0,0,0,0,0,0,0,0,0,0
36581,5703,0,832,17,0,0,0,0,0,0,0,0,0,0
36582,5704,0,832,17,0,0,0,0,2,1,0,0,0,0
36583,5705,0,832,17,0,0,0,0,0,0,0,0,0,0
36584,5706,0,832,17,0,0,0,0,0,0,0,0,0,0
36585,5707,0,832,17,0,0,0,0,0,0,0,0,0,0
36586,5708,0,832,17,0,0,0,0,0,0,0,0,0,0
36587,5709,0,832,17,0,0,0,0,0,0,0,0,0,0
36588,5710,0,832,17,0,0,0,0,0,0,0,0,0,0
36589,5711,0,832,17,0,0,0,0,0,0,0,0,0,0
36590,5712,0,832,17,0,0,0,0,0,0,0,0,0,0
36591,5713,0,832,17,0,0,0,0,0,0,0,0,0,0
36592,5715,0,832,17,0,0,0,0,0,0,0,0,0,0
36593,5714,0,832,17,0,0,0,0,0,0,0,0,0,0
36594,5722,1,832,17,0,0,0,0,0,0,0,0,0,0
36595,5722,1,832,17,0,0,0,0,0,0,0,0,0,0
36596,5722,1,832,17,0,0,0,0,0,0,0,0,0,0
36597,5722,1,832,17,0,0,0,0,0,0,0,0,0,0
36598,5722,1,832,17,0,0,0,0,0,0,0,0,0,0
36599,5722,1,832,17,0,0,0,0,0,0,0,0,0,0
36600,5722,1,832,17,0,0,0,0,0,0,0,0,0,0
36601,5722,1,832,17,0,0,0,0,0,0,0,0,0,0
36602,5685,1,832,17,0,0,0,0,0,0,0,0,0,0
36603,5686,1,832,17,0,0,0,0,0,0,0,0,0,0
36604,5687,1,832,17,0,0,0,0,60,1,0,0,0,0
36605,5689,1,832,17,0,0,0,0,3,1,0,0,0,0
36606,5690,1,832,17,0,0,0,0,1,1,0,0,0,0
36607,5691,1,832,17,0,0,0,0,3,2,0,0,0,0
36608,5692,1,832,17,0,0,0,0,162,5,0,0,0,0
36609,5693,1,832,17,0,0,0,0,0,0,0,0,0,0
36610,5694,0,832,17,0,0,0,0,0,0,0,0,0,0
36611,5695,0,832,17,0,0,0,0,0,0,0,0,0,0
36612,5696,0,832,17,0,0,0,0,4,1,0,0,0,0
36613,5697,0,832,17,0,0,0,0,0,0,0,0,0,0
36614,5698,0,832,17,0,0,0,0,0,0,0,0,0,0
36615,5699,0,832,17,0,0,0,0,0,0,0,0,0,0
36616,5700,0,832,17,0,0,0,0,0,0,0,0,0,0
36617,5701,0,832,17,0,0,0,0,0,0,0,0,0,0
36618,5702,0,832,17,0,0,0,0,0,0,0,0,0,0
36619,5703,0,832,17,0,0,0,0,0,0,0,0,0,0
36620,5704,0,832,17,0,0,0,0,0,0,0,0,0,0
36621,5705,0,832,17,0,0,0,0,0,0,0,0,0,0
36622,5706,0,832,17,0,0,0,0,0,0,0,0,0,0
36623,5707,0,832,17,0,0,0,0,78,1,0,0,0,0
36624,5708,0,832,17,0,0,0,0,0,0,0,0,0,0
36625,5709,0,832,17,0,0,0,0,4,1,0,0,0,0
36626,5710,0,832,17,0,0,0,0,0,0,0,0,0,0
36627,5711,0,832,17,0,0,0,0,0,0,0,0,0,0
36628,5712,0,832,17,0,0,0,0,0,0,0,0,0,0
36629,5713,0,832,17,0,0,0,0,0,0,0,0,0,0
36630,5715,0,832,17,0,0,0,0,0,0,0,0,0,0
36631,5723,1,832,17,0,0,0,0,0,0,0,0,0,0
36632,5723,1,832,17,0,0,0,0,0,0,0,0,0,0
36633,5723,1,832,17,0,0,0,0,0,0,0,0,0,0
36634,5723,1,832,17,0,0,0,0,0,0,0,0,0,0
36635,5723,1,832,17,0,0,0,0,0,0,0,0,0,0
36636,5723,1,832,17,0,0,0,0,0,0,0,0,0,0
36637,5723,1,832,17,0,0,0,0,0,0,0,0,0,0
36638,5723,1,832,17,0,0,0,0,0,0,0,0,0,0
36639,5687,1,832,17,0,0,0,0,0,0,0,0,0,0
36640,5690,1,832,17,0,0,0,0,0,0,0,0,0,0
36641,5691,0,832,17,0,0,0,0,0,0,0,0,0,0
36642,5692,1,832,17,0,0,0,0,0,0,0,0,0,0
36643,5693,0,832,17,0,0,0,0,26,1,0,0,0,0
36644,5694,0,832,17,0,0,0,0,0,0,0,0,0,0
36645,5695,0,832,17,0,0,0,0,0,0,0,0,0,0
36646,5696,0,832,17,0,0,0,0,0,0,0,0,0,0
36647,5697,0,832,17,0,0,0,0,0,0,0,0,0,0
36648,5698,0,832,17,0,0,0,0,0,0,0,0,0,0
36649,5699,0,832,17,0,0,0,0,0,0,0,0,0,0
36650,5700,0,832,17,0,0,0,0,0,0,0,0,0,0
36651,5701,0,832,17,0,0,0,0,0,0,0,0,0,0
36652,5702,0,832,17,0,0,0,0,0,0,0,0,0,0
36653,5703,0,832,17,0,0,0,0,0,0,0,0,0,0
36654,5704,0,832,17,0,0,0,0,0,0,0,0,0,0
36655,5705,0,832,17,0,0,0,0,0,0,0,0,0,0
36656,5706,0,832,17,0,0,0,0,297,1,0,0,0,0
36657,5707,0,832,17,0,0,0,0,265,1,0,0,0,0
36658,5708,0,832,17,0,0,0,0,0,0,0,0,0,0
36659,5709,0,832,17,0,0,0,0,0,0,0,0,0,0
36660,5710,0,832,17,0,0,0,0,0,0,0,0,0,0
36661,5711,0,832,17,0,0,0,0,0,0,0,0,0,0
36662,5712,0,832,17,0,0,0,0,0,0,0,0,0,0
36663,5713,0,832,17,0,0,0,0,0,0,0,0,0,0
36664,5715,0,832,17,0,0,0,0,0,0,0,0,0,0
36665,5724,1,832,17,0,0,0,0,0,0,0,0,0,0
36666,5724,1,832,17,0,0,0,0,0,0,0,0,0,0
36667,5724,1,832,17,0,0,0,0,0,0,0,0,0,0
36668,5724,1,832,17,0,0,0,0,0,0,0,0,0,0
36669,5724,1,832,17,0,0,0,0,0,0,0,0,0,0
36670,5724,1,832,17,0,0,0,0,0,0,0,0,0,0
36671,5724,1,832,17,0,0,0,0,1,1,0,0,0,0
36672,5724,1,832,17,0,0,0,0,161,2,0,0,0,0
36673,5690,0,832,17,0,0,0,0,0,0,0,0,1,1
36674,5691,0,832,17,0,0,0,0,0,0,0,0,0,0
36675,5692,0,832,17,0,0,0,0,0,0,0,0,0,0
36676,5693,0,832,17,0,0,0,0,0,0,0,0,0,0
36677,5694,0,832,17,0,0,0,0,0,0,0,0,0,0
36678,5707,0,832,17,0,0,0,0,6,1,0,0,0,0
36679,5708,0,832,17,0,0,0,0,0,0,0,0,0,0
36680,5709,0,832,17,0,0,0,0,0,0,0,0,0,0
36681,5726,1,832,17,0,0,0,0,0,0,0,0,0,0
36682,5726,1,832,17,0,0,0,0,0,0,0,0,0,0
36683,5726,1,832,17,0,0,0,0,0,0,0,0,0,0
36684,5726,1,832,17,0,0,0,0,0,0,0,0,0,0
36685,5726,1,832,17,0,0,0,0,0,0,0,0,0,0
36686,5726,1,832,17,0,0,0,0,0,0,0,0,0,0
36687,5726,1,832,17,0,0,0,0,0,0,0,0,1,1
36688,5726,1,832,17,0,0,0,0,0,0,0,0,0,0
36689,5726,1,832,17,0,0,0,0,12,1,0,0,0,0
36690,5726,1,832,17,0,0,0,0,0,0,0,0,0,0
36691,5727,1,832,17,0,0,420,2,0,0,0,0,0,0
36692,5727,1,832,17,0,0,0,0,0,0,0,0,0,0
36693,5727,1,832,17,0,0,0,0,0,0,0,0,0,0
36694,5727,1,832,17,0,0,0,0,0,0,0,0,0,0
36695,5727,1,832,17,0,0,0,0,0,0,0,0,0,0
36696,5727,1,832,17,0,0,0,0,0,0,0,0,0,0
36697,5727,1,832,17,0,0,0,0,1,1,0,0,0,0
36698,5727,1,832,17,0,0,0,0,0,1,0,0,0,0
36699,5727,1,832,17,0,0,0,0,0,0,0,0,0,0
36700,5727,1,832,17,0,0,0,0,0,0,0,0,0,0
36701,5725,1,832,17,0,0,0,0,0,0,0,0,0,0
36702,5725,1,832,17,0,0,0,0,0,0,0,0,0,0
36703,5725,1,832,17,0,0,0,0,0,0,0,0,0,0
36704,5725,1,832,17,0,0,0,0,0,0,0,0,0,0
36705,5725,1,832,17,0,0,0,0,0,0,0,0,0,0
36706,5725,1,832,17,0,0,0,0,0,0,0,0,0,0
36707,5725,1,832,17,0,0,0,0,0,0,0,0,0,0
36708,5725,1,832,17,0,0,0,0,0,0,0,0,0,0
36709,5725,1,832,17,0,0,0,0,0,0,0,0,0,0
36710,5725,1,832,17,0,0,0,0,0,0,0,0,0,0
36711,5728,1,832,17,0,0,0,0,0,0,0,0,0,0
36712,5728,1,832,17,0,0,0,0,0,0,0,0,0,0
36713,5728,1,832,17,0,0,0,0,0,0,0,0,0,0
36714,5728,1,832,17,0,0,0,0,0,0,0,0,0,0
36715,5728,1,832,17,0,0,0,0,0,0,0,0,0,0
36716,5728,1,832,17,0,0,0,0,0,0,0,0,0,0
36717,5728,1,832,17,0,0,0,0,0,0,0,0,0,0
36718,5728,1,832,17,0,0,0,0,0,0,0,0,0,0
36719,5728,1,832,17,0,0,0,0,0,0,0,0,0,0
36720,5728,1,832,17,0,0,0,0,0,0,0,0,0,0
36721,5731,1,832,17,0,0,0,0,0,0,0,0,0,0
36722,5731,1,832,17,0,0,0,0,0,0,0,0,0,0
36723,5731,1,832,17,0,0,0,0,0,0,0,0,0,0
36724,5731,1,832,17,0,0,0,0,0,0,0,0,0,0
36725,5731,1,832,17,0,0,0,0,0,0,0,0,0,0
36726,5731,1,832,17,0,0,0,0,0,0,0,0,0,0
36727,5731,1,832,17,0,0,0,0,0,0,0,0,0,0
36728,5731,1,832,17,0,0,0,0,0,0,0,0,0,0
36729,5730,1,832,17,0,0,0,0,0,0,0,0,0,0
36730,5730,1,832,17,0,0,0,0,0,0,0,0,0,0
36731,5730,1,832,17,0,0,0,0,0,0,0,0,0,0
36732,5730,1,832,17,0,0,0,0,0,0,0,0,0,0
36733,5730,1,832,17,0,0,0,0,0,0,0,0,0,0
36734,5730,1,832,17,0,0,0,0,0,0,0,0,0,0
36735,5729,1,832,17,0,0,0,0,0,0,0,0,0,0
36736,5729,1,832,17,0,0,0,0,4,1,0,0,0,0
36737,5729,1,832,17,0,0,0,0,0,0,0,0,0,0
36738,5729,1,832,17,0,0,0,0,28,2,0,0,0,0
36739,5729,1,832,17,0,0,0,0,0,0,0,0,0,0
36740,5732,1,832,17,0,0,0,0,0,0,0,0,0,0
36741,5732,1,832,17,0,0,0,0,0,0,0,0,0,0
36742,5732,1,832,17,0,0,0,0,0,0,0,0,0,0
36743,5733,1,832,17,0,0,0,0,0,0,0,0,0,0
36744,5733,1,832,17,0,0,0,0,0,0,0,0,0,0
36745,5733,1,832,17,0,0,0,0,0,0,0,0,0,0
36746,5733,1,832,17,0,0,0,0,0,0,0,0,0,0
